txn_ref,utr,amount,value_date,narration,merchant_id
TXN3919635201,UTR656199816726,40169.66,2026-08-28,NEFT-RAZORPAY-MERCH_005,MERCH_005
TXN9487374527,UTR270927763303,42660.14,2026-08-09,NEFT-RAZORPAY-MERCH_002,MERCH_002
TXN9700587241,UTR921419453703,1027.91,2026-08-31,NEFT-RAZORPAY-MERCH_004,MERCH_004
TXN4171213368,UTR382907146182,28153.63,2026-08-19,NEFT-RAZORPAY-MERCH_004,MERCH_004
TXN8563030459,UTR84512425253,2398.88,2026-08-14,NEFT-RAZORPAY-MERCH_002,MERCH_002
TXN6422006978,UTR90591368460,21828.36,2026-08-18,NEFT-RAZORPAY-MERCH_004,MERCH_004
TXN2205143339,UTR289773319232,40429.64,2026-08-23,NEFT-RAZORPAY-MERCH_004,MERCH_004
TXN5092042337,UTR57239450839,18216.26,2026-08-29,NEFT-RAZORPAY-MERCH_004,MERCH_004
TXN3066190423,UTR250139277614,44723.29,2026-08-20,NEFT-RAZORPAY-MERCH_003,MERCH_003
TXN6565557731,UTR440745307299,6182.94,2026-08-12,NEFT-RAZORPAY-MERCH_004,MERCH_004
TXN4958011222,UTR981411583729,6450.75,2026-08-11,NEFT-RAZORPAY-MERCH_003,MERCH_003
TXN8666347625,UTR639585381143,36940.54,2026-08-11,NEFT-RAZORPAY-MERCH_004,MERCH_004
TXN268613324,UTR702316174004,6942.82,2026-08-15,NEFT-RAZORPAY-MERCH_004,MERCH_004
TXN7157075735,UTR517617496330,4328.49,2026-08-13,NEFT-RAZORPAY-MERCH_001,MERCH_001
TXN8950261215,UTR876355183655,38434.15,2026-08-24,NEFT-RAZORPAY-MERCH_005,MERCH_005
TXN5297155436,UTR622862468037,36465.84,2026-08-13,NEFT-RAZORPAY-MERCH_004,MERCH_004
TXN791404764,UTR771789204997,1856.83,2026-08-12,NEFT-RAZORPAY-MERCH_001,MERCH_001
TXN5099107372,UTR806771927369,24258.83,2026-08-07,NEFT-RAZORPAY-MERCH_003,MERCH_003
TXN6256300451,,15301.83,2026-08-21,NEFT-RAZORPAY-MERCH_005,MERCH_005
TXN7412065127,UTR688945903247,26285.58,2026-08-19,NEFT-RAZORPAY-MERCH_001,MERCH_001
TXN9401080971,UTR24942921844,31230.51,2026-08-26,NEFT-RAZORPAY-MERCH_002,MERCH_002
TXN2997025591,UTR536415977957,7203.47,2026-08-16,NEFT-RAZORPAY-MERCH_004,MERCH_004
TXN8488644708,UTR772516112694,42206.38,2026-08-12,NEFT-RAZORPAY-MERCH_003,MERCH_003
TXN6789703105,UTR42332853822,29960.94,2026-08-12,NEFT-RAZORPAY-MERCH_005,MERCH_005
TXN7786237817,UTR97906906008,6467.7,2026-08-19,NEFT-RAZORPAY-MERCH_002,MERCH_002
TXN3911774948,UTR527242076544,9513.75,2026-08-24,NEFT-RAZORPAY-MERCH_003,MERCH_003
TXN1402268227,UTR841273083884,26225.83,2026-08-09,NEFT-RAZORPAY-MERCH_003,MERCH_003
TXN4344807570,UTR640270627093,1024.72,2026-08-14,NEFT-RAZORPAY-MERCH_002,MERCH_002
TXN3552685141,UTR917202432555,36678.84,2026-08-29,NEFT-RAZORPAY-MERCH_004,MERCH_004
TXN9384456978,,17519.54,2026-08-25,NEFT-RAZORPAY-MERCH_002,MERCH_002
TXN564458498,UTR242909268556,43338.44,2026-08-30,NEFT-RAZORPAY-MERCH_001,MERCH_001
TXN5935580656,UTR336124836121,24495.33,2026-08-16,NEFT-RAZORPAY-MERCH_001,MERCH_001
TXN6325116857,UTR970728331848,3391.74,2026-08-18,NEFT-RAZORPAY-MERCH_005,MERCH_005
TXN1887137966,UTR91418601219,6573.79,2026-08-29,NEFT-RAZORPAY-MERCH_005,MERCH_005
TXN8441891067,UTR91418601219,6573.79,2026-08-29,NEFT-RAZORPAY-DUP-MERCH_005,MERCH_005
TXN3766847282,,29202.52,2026-08-30,NEFT-RAZORPAY-MERCH_005,MERCH_005
TXN83761835,UTR497733795702,5320.07,2026-08-23,NEFT-RAZORPAY-MERCH_001,MERCH_001
TXN2569257316,UTR862324500731,26714.18,2026-08-29,NEFT-RAZORPAY-MERCH_004,MERCH_004
TXN2830203754,UTR862324500731,26714.18,2026-08-29,NEFT-RAZORPAY-DUP-MERCH_004,MERCH_004
TXN7873903301,UTR792475641694,39988.99,2026-08-11,NEFT-RAZORPAY-MERCH_002,MERCH_002
TXN6268930691,UTR456658560544,33383.46,2026-08-11,NEFT-RAZORPAY-MERCH_001,MERCH_001
TXN20664107,UTR570040470591,26774.63,2026-08-07,NEFT-RAZORPAY-MERCH_004,MERCH_004
TXN4503569677,UTR104339026662,14518.15,2026-08-23,NEFT-RAZORPAY-MERCH_001,MERCH_001
TXN4919522226,UTR58941076148,24027.78,2026-08-23,NEFT-RAZORPAY-MERCH_004,MERCH_004
TXN8414761496,UTR709186727528,21259.54,2026-08-07,NEFT-RAZORPAY-MERCH_003,MERCH_003
TXN2296963068,UTR999420129495,43316.02,2026-08-16,NEFT-RAZORPAY-MERCH_002,MERCH_002
TXN2135363031,UTR463800131166,37795.24,2026-08-24,NEFT-RAZORPAY-MERCH_001,MERCH_001
TXN4700996515,,24889.9,2026-08-07,NEFT-RAZORPAY-MERCH_005,MERCH_005
TXN4457964670,UTR615444760613,11521.18,2026-08-23,NEFT-RAZORPAY-MERCH_004,MERCH_004
TXN6802756995,UTR858769167082,22019.43,2026-08-10,NEFT-RAZORPAY-MERCH_004,MERCH_004
TXN2668663619,UTR70568439138,12708.85,2026-08-20,NEFT-RAZORPAY-MERCH_003,MERCH_003
TXN966110114,,35623.24,2026-08-22,NEFT-RAZORPAY-MERCH_001,MERCH_001
TXN9692051351,UTR241503949527,28212.17,2026-08-22,NEFT-RAZORPAY-MERCH_003,MERCH_003
TXN3305893048,UTR479735728958,8185.08,2026-08-11,NEFT-RAZORPAY-MERCH_004,MERCH_004
TXN2845076519,UTR349794634096,30537.04,2026-08-24,NEFT-RAZORPAY-MERCH_003,MERCH_003
TXN7169781779,UTR110220527880,949.49,2026-08-22,NEFT-RAZORPAY-MERCH_003,MERCH_003
TXN5089140133,UTR558919802856,44108.1,2026-08-18,NEFT-RAZORPAY-MERCH_005,MERCH_005
TXN8143210315,UTR152356921908,14090.81,2026-08-29,NEFT-RAZORPAY-MERCH_005,MERCH_005
TXN9077088503,UTR329120659461,41726.04,2026-08-24,NEFT-RAZORPAY-MERCH_002,MERCH_002
TXN9739086287,UTR806371358711,8488.43,2026-08-23,NEFT-RAZORPAY-MERCH_002,MERCH_002
TXN5560926188,UTR5921970606,21222.17,2026-08-16,NEFT-RAZORPAY-MERCH_005,MERCH_005
TXN7618435983,UTR792990871709,26059.62,2026-08-11,NEFT-RAZORPAY-MERCH_005,MERCH_005
TXN278765403,UTR237672250514,10858.77,2026-08-20,NEFT-RAZORPAY-MERCH_003,MERCH_003
TXN7229180910,UTR706158118170,22272.95,2026-08-28,NEFT-RAZORPAY-MERCH_002,MERCH_002
TXN7526984635,UTR265807122367,32331.46,2026-08-14,NEFT-RAZORPAY-MERCH_003,MERCH_003
TXN2346079038,UTR308334617695,7482.33,2026-08-18,NEFT-RAZORPAY-MERCH_003,MERCH_003
TXN7613141435,UTR424432550382,44781.45,2026-08-29,NEFT-RAZORPAY-MERCH_005,MERCH_005
TXN7764129883,UTR822725152517,24289.8,2026-08-07,NEFT-RAZORPAY-MERCH_001,MERCH_001
TXN4636154307,UTR328857419782,38364.37,2026-08-23,NEFT-RAZORPAY-MERCH_001,MERCH_001
TXN1103458951,UTR147148171438,17943.1,2026-08-07,NEFT-RAZORPAY-MERCH_002,MERCH_002
TXN1431928655,UTR147148171438,17943.1,2026-08-07,NEFT-RAZORPAY-DUP-MERCH_002,MERCH_002
TXN3116154686,UTR110463669460,20175.44,2026-08-07,NEFT-RAZORPAY-MERCH_004,MERCH_004
TXN6302893103,UTR687526326068,20217.59,2026-08-12,NEFT-RAZORPAY-MERCH_001,MERCH_001
TXN4427920977,UTR157594643818,42638.28,2026-08-11,NEFT-RAZORPAY-MERCH_003,MERCH_003
TXN7083788464,UTR495185269823,26714.24,2026-08-23,NEFT-RAZORPAY-MERCH_001,MERCH_001
TXN721520237,UTR83589950615,44653.38,2026-09-02,NEFT-RAZORPAY-MERCH_004,MERCH_004
TXN6793443713,UTR183079035809,38002.61,2026-09-03,NEFT-RAZORPAY-MERCH_003,MERCH_003
TXN7288566323,UTR60009999916,15564.89,2026-08-22,NEFT-RAZORPAY-MERCH_005,MERCH_005
TXN6828042933,UTR49991075069,8434.47,2026-08-30,NEFT-RAZORPAY-MERCH_001,MERCH_001
TXN1017308422,UTR400368679667,11029.44,2026-08-08,NEFT-RAZORPAY-MERCH_005,MERCH_005
TXN817894416,UTR337641941633,1283.28,2026-08-18,NEFT-RAZORPAY-MERCH_005,MERCH_005
TXN982937972,UTR957790944596,11560.35,2026-08-07,NEFT-RAZORPAY-MERCH_003,MERCH_003
TXN5449115734,UTR63631268534,44211.71,2026-08-08,NEFT-RAZORPAY-MERCH_002,MERCH_002
TXN6261412940,UTR471698008196,43559.53,2026-08-15,NEFT-RAZORPAY-MERCH_004,MERCH_004
TXN6524252960,UTR678595872119,4330.41,2026-08-26,NEFT-RAZORPAY-MERCH_003,MERCH_003
TXN6471352180,UTR284442849708,13820.82,2026-08-22,NEFT-RAZORPAY-MERCH_002,MERCH_002
TXN9559434327,UTR753081562839,24577.24,2026-08-27,NEFT-RAZORPAY-MERCH_002,MERCH_002
TXN6557435052,UTR386455972292,16296.67,2026-08-09,NEFT-RAZORPAY-MERCH_005,MERCH_005
TXN9072065082,UTR89891085207,16234.92,2026-08-05,NEFT-RAZORPAY-MERCH_005,MERCH_005
TXN709978333,UTR63772318441,22171.18,2026-08-25,NEFT-RAZORPAY-MERCH_002,MERCH_002
TXN7651929922,,38376.28,2026-08-22,NEFT-RAZORPAY-MERCH_001,MERCH_001
TXN2108503422,UTR439194356483,12313.62,2026-08-14,NEFT-RAZORPAY-MERCH_003,MERCH_003
TXN3400088425,UTR464390870275,19605.85,2026-08-18,NEFT-RAZORPAY-MERCH_002,MERCH_002
TXN2135307021,UTR974472907967,7935.91,2026-08-23,NEFT-RAZORPAY-MERCH_002,MERCH_002
TXN9012151770,UTR62904785524,17451.39,2026-08-26,NEFT-RAZORPAY-MERCH_005,MERCH_005
TXN3800520863,UTR458605372159,4636.62,2026-08-20,NEFT-RAZORPAY-MERCH_004,MERCH_004
TXN4624472245,UTR371549526025,38478.21,2026-08-25,NEFT-RAZORPAY-MERCH_002,MERCH_002
TXN6101972165,UTR28312371332,33895.97,2026-08-06,NEFT-RAZORPAY-MERCH_003,MERCH_003
TXN706524724,UTR445541649850,41223.93,2026-08-23,NEFT-RAZORPAY-MERCH_005,MERCH_005
TXN3119908068,UTR24092538041,23968.36,2026-08-30,NEFT-RAZORPAY-MERCH_003,MERCH_003
TXN5517498791,UTR106286875905,44100.01,2026-08-25,NEFT-RAZORPAY-MERCH_004,MERCH_004
TXN2604651420,UTR726818406065,19399.45,2026-08-16,NEFT-RAZORPAY-MERCH_004,MERCH_004
TXN1737851944,UTR736768538710,25548.69,2026-08-07,NEFT-RAZORPAY-MERCH_003,MERCH_003
TXN2680481431,UTR19882402401,40998.1,2026-08-08,NEFT-RAZORPAY-MERCH_001,MERCH_001
TXN3692529587,UTR19882402401,40998.1,2026-08-08,NEFT-RAZORPAY-DUP-MERCH_001,MERCH_001
TXN9422341818,,14696.37,2026-08-22,NEFT-RAZORPAY-MERCH_002,MERCH_002
TXN8493974125,UTR941608836019,37161.1,2026-08-19,NEFT-RAZORPAY-MERCH_001,MERCH_001
TXN2040994520,UTR941608836019,37161.1,2026-08-19,NEFT-RAZORPAY-DUP-MERCH_001,MERCH_001
TXN5210575381,UTR31851235413,35243.83,2026-08-12,NEFT-RAZORPAY-MERCH_005,MERCH_005
TXN8253614713,UTR714049506703,21168.39,2026-08-19,NEFT-RAZORPAY-MERCH_002,MERCH_002
TXN3311119441,UTR445050378011,27178.2,2026-08-28,NEFT-RAZORPAY-MERCH_003,MERCH_003
TXN1144083044,UTR480241882875,16577.71,2026-08-16,NEFT-RAZORPAY-MERCH_005,MERCH_005
TXN5238702383,UTR954982454767,14884.03,2026-08-27,NEFT-RAZORPAY-MERCH_003,MERCH_003
TXN7082097344,,41825.27,2026-08-18,NEFT-RAZORPAY-MERCH_001,MERCH_001
TXN7111938045,UTR591487553925,24357.19,2026-08-12,NEFT-RAZORPAY-MERCH_002,MERCH_002
TXN6888627445,UTR63803616185,36666.13,2026-08-14,NEFT-RAZORPAY-MERCH_004,MERCH_004
TXN7612686759,UTR334754414101,11903.24,2026-08-15,NEFT-RAZORPAY-MERCH_001,MERCH_001
TXN7082042158,UTR97180049637,34921.91,2026-08-16,NEFT-RAZORPAY-MERCH_003,MERCH_003
TXN2447745062,UTR515154167113,17392.66,2026-08-07,NEFT-RAZORPAY-MERCH_004,MERCH_004
TXN9074574374,UTR840026488459,3460.87,2026-08-15,NEFT-RAZORPAY-MERCH_005,MERCH_005
TXN3625933783,,30980.53,2026-08-17,NEFT-RAZORPAY-MERCH_001,MERCH_001
TXN9228015568,UTR493631891529,7091.55,2026-08-22,NEFT-RAZORPAY-MERCH_002,MERCH_002
TXN7762574555,UTR218206726570,33426.38,2026-08-13,NEFT-RAZORPAY-MERCH_003,MERCH_003
TXN1664778983,UTR946925869008,1812.8,2026-08-14,NEFT-RAZORPAY-MERCH_003,MERCH_003
TXN5311590570,UTR201995034564,41784.98,2026-08-05,NEFT-RAZORPAY-MERCH_003,MERCH_003
TXN3501469038,UTR132063932279,2068.99,2026-08-17,NEFT-RAZORPAY-MERCH_002,MERCH_002
TXN8455053060,UTR337747139201,2212.16,2026-08-19,NEFT-RAZORPAY-MERCH_005,MERCH_005
TXN1803483082,UTR222895523848,3318.74,2026-08-13,NEFT-RAZORPAY-MERCH_005,MERCH_005
TXN6171172166,UTR406396265199,5943.37,2026-08-19,NEFT-RAZORPAY-MERCH_002,MERCH_002
TXN6042627680,UTR217506066271,22313.76,2026-08-21,NEFT-RAZORPAY-MERCH_004,MERCH_004
TXN5680077769,,20223.46,2026-08-14,NEFT-RAZORPAY-MERCH_005,MERCH_005
TXN1183608026,UTR756377211899,5156.96,2026-08-18,NEFT-RAZORPAY-MERCH_005,MERCH_005
TXN30519892,UTR254874372569,40769.5,2026-08-28,NEFT-RAZORPAY-MERCH_004,MERCH_004
TXN2470777980,UTR431094153207,33820.63,2026-08-06,NEFT-RAZORPAY-MERCH_002,MERCH_002
TXN6573946804,UTR924104341820,17694.28,2026-08-15,NEFT-RAZORPAY-MERCH_002,MERCH_002
TXN1123305233,UTR347860320610,36560.93,2026-08-24,NEFT-RAZORPAY-MERCH_001,MERCH_001
TXN4409059776,UTR246226158510,22810.6,2026-08-31,NEFT-RAZORPAY-MERCH_002,MERCH_002
TXN3186147779,UTR324573343117,2633.5,2026-08-23,NEFT-RAZORPAY-MERCH_001,MERCH_001
TXN2114851998,UTR401719494217,33217.65,2026-08-18,NEFT-RAZORPAY-MERCH_005,MERCH_005
TXN5547661478,UTR272487477555,10410.2,2026-08-06,NEFT-RAZORPAY-MERCH_002,MERCH_002
TXN576616790,UTR778331703248,31376.07,2026-08-13,NEFT-RAZORPAY-MERCH_002,MERCH_002
TXN6506617785,UTR857070814326,36773.85,2026-08-30,NEFT-RAZORPAY-MERCH_004,MERCH_004
TXN8038771190,UTR863799743153,26977.4,2026-08-06,NEFT-RAZORPAY-MERCH_003,MERCH_003
TXN7507558496,UTR966310068948,23323.28,2026-08-23,NEFT-RAZORPAY-MERCH_001,MERCH_001
TXN3286063694,UTR375367301266,14683.21,2026-08-19,NEFT-RAZORPAY-MERCH_002,MERCH_002
TXN1197935555,UTR952109676879,1314.55,2026-08-11,NEFT-RAZORPAY-MERCH_005,MERCH_005
TXN1659476074,,31393.53,2026-08-14,NEFT-RAZORPAY-MERCH_003,MERCH_003
TXN180540736,UTR19932850155,37455.36,2026-08-22,NEFT-RAZORPAY-MERCH_002,MERCH_002
TXN470846435,,36253.95,2026-08-09,NEFT-RAZORPAY-MERCH_001,MERCH_001
TXN343094748,UTR210587032412,15668.02,2026-08-08,NEFT-RAZORPAY-MERCH_001,MERCH_001
TXN6033878904,UTR303744337001,30671.46,2026-08-30,NEFT-RAZORPAY-MERCH_003,MERCH_003
TXN301266844,,1968.78,2026-08-19,NEFT-RAZORPAY-MERCH_004,MERCH_004
TXN6379452023,UTR728252875176,35457.06,2026-08-31,NEFT-RAZORPAY-MERCH_003,MERCH_003
TXN4395323647,UTR384983878487,40967.15,2026-08-31,NEFT-RAZORPAY-MERCH_003,MERCH_003
TXN9479801411,UTR37739031128,36097.48,2026-08-18,NEFT-RAZORPAY-MERCH_002,MERCH_002
TXN5450028751,UTR53351650123,33629.77,2026-08-09,NEFT-RAZORPAY-MERCH_003,MERCH_003
TXN8805614470,UTR196157396445,14874.67,2026-08-22,NEFT-RAZORPAY-MERCH_003,MERCH_003
TXN4244881686,UTR513001826191,29276.73,2026-08-19,NEFT-RAZORPAY-MERCH_001,MERCH_001
TXN8322185779,UTR770123721151,44085.98,2026-08-24,NEFT-RAZORPAY-MERCH_003,MERCH_003
TXN9036763124,UTR17010441270,25043.06,2026-08-24,NEFT-RAZORPAY-MERCH_003,MERCH_003
TXN4825971740,UTR683337579367,15205.58,2026-08-21,NEFT-RAZORPAY-MERCH_005,MERCH_005
TXN5621221419,UTR819896274001,26838.67,2026-08-16,NEFT-RAZORPAY-MERCH_004,MERCH_004
TXN1909452905,,26313.38,2026-08-12,NEFT-RAZORPAY-MERCH_001,MERCH_001
TXN4260110510,UTR221703194822,21265.39,2026-08-13,NEFT-RAZORPAY-MERCH_004,MERCH_004
TXN6194493460,UTR718315401749,17095.85,2026-08-14,NEFT-RAZORPAY-MERCH_005,MERCH_005
TXN4763329074,,23356.32,2026-08-21,NEFT-RAZORPAY-MERCH_003,MERCH_003
TXN3612482164,UTR686492939358,19428.26,2026-08-28,NEFT-RAZORPAY-MERCH_002,MERCH_002
TXN2902310257,UTR320265477727,14247.15,2026-08-18,NEFT-RAZORPAY-MERCH_002,MERCH_002
TXN4721838862,UTR860587153125,26167.39,2026-08-28,NEFT-RAZORPAY-MERCH_003,MERCH_003
TXN56205735,UTR512721734297,37225.81,2026-08-05,NEFT-RAZORPAY-MERCH_001,MERCH_001
TXN929046927,UTR368396570794,38659.57,2026-08-25,NEFT-RAZORPAY-MERCH_005,MERCH_005
TXN4665396912,UTR73079807722,36417.17,2026-08-19,NEFT-RAZORPAY-MERCH_001,MERCH_001
TXN8429509666,UTR734816457217,40403.82,2026-08-18,NEFT-RAZORPAY-MERCH_001,MERCH_001
TXN7127881763,UTR689314039766,6059.43,2026-08-21,NEFT-RAZORPAY-MERCH_001,MERCH_001
TXN3356911067,UTR987612415119,40789.79,2026-08-08,NEFT-RAZORPAY-MERCH_003,MERCH_003
TXN9261943201,UTR741640112169,43179.94,2026-08-11,NEFT-RAZORPAY-MERCH_001,MERCH_001
TXN8781947131,UTR216021703502,40473.61,2026-08-12,NEFT-RAZORPAY-MERCH_005,MERCH_005
TXN4580565186,UTR262251988892,22602.17,2026-08-23,NEFT-RAZORPAY-MERCH_001,MERCH_001
TXN743840270,UTR546428059930,3872.21,2026-08-15,NEFT-RAZORPAY-MERCH_002,MERCH_002
TXN1505823438,UTR617132234892,28132.85,2026-08-06,NEFT-RAZORPAY-MERCH_004,MERCH_004
TXN9189993022,UTR506523625912,17766.37,2026-09-02,NEFT-RAZORPAY-MERCH_004,MERCH_004
TXN4199668365,UTR968395155055,6962.67,2026-08-05,NEFT-RAZORPAY-MERCH_001,MERCH_001
TXN250960964,UTR422543021074,14597.26,2026-08-18,NEFT-RAZORPAY-MERCH_003,MERCH_003
TXN5230238432,UTR463543165488,4853.75,2026-08-26,NEFT-RAZORPAY-MERCH_005,MERCH_005
TXN2476318679,UTR463543165488,4853.75,2026-08-26,NEFT-RAZORPAY-DUP-MERCH_005,MERCH_005
TXN9129338596,UTR248535415184,10874.65,2026-08-23,NEFT-RAZORPAY-MERCH_003,MERCH_003
TXN6936538649,UTR450789304567,4460.07,2026-08-25,NEFT-RAZORPAY-MERCH_002,MERCH_002
TXN5256749740,UTR587412201996,15726.88,2026-08-26,NEFT-RAZORPAY-MERCH_005,MERCH_005
TXN6180367948,UTR506179724672,903.84,2026-08-07,NEFT-RAZORPAY-MERCH_005,MERCH_005
TXN4137293917,UTR500332044732,12771.86,2026-08-23,NEFT-RAZORPAY-MERCH_002,MERCH_002
TXN247426348,,3814.15,2026-08-28,NEFT-RAZORPAY-MERCH_001,MERCH_001
TXN2139364567,,30612.26,2026-08-21,NEFT-RAZORPAY-MERCH_005,MERCH_005
TXN1095809182,UTR143636256707,8374.81,2026-08-09,NEFT-RAZORPAY-MERCH_004,MERCH_004
TXN8977926248,UTR659129378469,24732.48,2026-08-08,NEFT-RAZORPAY-MERCH_003,MERCH_003
TXN6554494481,UTR757807910088,35099.61,2026-08-16,NEFT-RAZORPAY-MERCH_004,MERCH_004
TXN9672967446,UTR823264658163,5880.85,2026-08-25,NEFT-RAZORPAY-MERCH_001,MERCH_001
TXN9545381270,,18790.69,2026-08-29,NEFT-RAZORPAY-MERCH_005,MERCH_005
TXN1176662325,UTR343054131749,33696.16,2026-08-06,NEFT-RAZORPAY-MERCH_001,MERCH_001
TXN9949634183,UTR626743682911,27289.69,2026-08-08,NEFT-RAZORPAY-MERCH_002,MERCH_002
TXN6113142068,UTR975745852728,18897.89,2026-08-24,NEFT-RAZORPAY-MERCH_002,MERCH_002
TXN6882952774,,36167.08,2026-08-25,NEFT-RAZORPAY-MERCH_002,MERCH_002
TXN9661595420,UTR651071619508,24381.21,2026-08-09,NEFT-RAZORPAY-MERCH_001,MERCH_001
TXN4203275379,UTR660263132577,42411.34,2026-08-10,NEFT-RAZORPAY-MERCH_004,MERCH_004
TXN5779474598,UTR813437730495,34600.54,2026-08-26,NEFT-RAZORPAY-MERCH_003,MERCH_003
TXN4280948720,UTR88498502888,15458.85,2026-08-20,NEFT-RAZORPAY-MERCH_005,MERCH_005
TXN1082135593,UTR456717351081,2957.69,2026-08-23,NEFT-RAZORPAY-MERCH_005,MERCH_005
TXN1418178501,UTR138795620898,6308.07,2026-08-24,NEFT-RAZORPAY-MERCH_003,MERCH_003
TXN3335071078,UTR792268803023,27617.3,2026-08-31,NEFT-RAZORPAY-MERCH_001,MERCH_001
TXN1448908355,UTR187603983218,20706.58,2026-08-29,NEFT-RAZORPAY-MERCH_004,MERCH_004
TXN1956734281,UTR984449878484,18729.72,2026-08-29,NEFT-RAZORPAY-MERCH_003,MERCH_003
TXN8634168390,UTR936456874900,39365.54,2026-08-23,NEFT-RAZORPAY-MERCH_004,MERCH_004
TXN2970214875,UTR280903626708,42461.5,2026-08-16,NEFT-RAZORPAY-MERCH_001,MERCH_001
TXN4907585114,UTR812719673059,27452.96,2026-08-25,NEFT-RAZORPAY-MERCH_002,MERCH_002
TXN5833541695,UTR351427818549,25748.41,2026-08-16,NEFT-RAZORPAY-MERCH_002,MERCH_002
TXN7113025634,UTR156616812518,27248.65,2026-08-11,NEFT-RAZORPAY-MERCH_003,MERCH_003
TXN6870733020,UTR60921187826,36787.76,2026-08-17,NEFT-RAZORPAY-MERCH_003,MERCH_003
TXN3248167166,UTR513849633185,17145.92,2026-08-05,NEFT-RAZORPAY-MERCH_001,MERCH_001
TXN5769872068,UTR513849633185,17145.92,2026-08-05,NEFT-RAZORPAY-DUP-MERCH_001,MERCH_001
TXN672944974,UTR501508225471,4668.92,2026-08-29,NEFT-RAZORPAY-MERCH_001,MERCH_001
TXN773538090,UTR782757534183,12890.96,2026-08-14,NEFT-RAZORPAY-MERCH_001,MERCH_001
TXN2597651085,UTR612915760905,22541.55,2026-08-19,NEFT-RAZORPAY-MERCH_002,MERCH_002
TXN8862581789,UTR694521386569,29275.26,2026-08-18,NEFT-RAZORPAY-MERCH_005,MERCH_005
TXN5162095463,UTR864308517976,22266.01,2026-08-22,NEFT-RAZORPAY-MERCH_005,MERCH_005
TXN4171050014,,1144.69,2026-08-12,NEFT-RAZORPAY-MERCH_001,MERCH_001
TXN8754331806,,36913.48,2026-08-19,NEFT-RAZORPAY-MERCH_001,MERCH_001
TXN7676488620,UTR480486640116,25177.64,2026-08-27,NEFT-RAZORPAY-MERCH_002,MERCH_002
TXN5047419767,UTR724548579985,6505.61,2026-08-17,NEFT-RAZORPAY-MERCH_005,MERCH_005
TXN3898047118,,954.28,2026-08-29,NEFT-RAZORPAY-MERCH_001,MERCH_001
TXN9982068892,UTR815045559633,17037.54,2026-08-14,NEFT-RAZORPAY-MERCH_003,MERCH_003
TXN2072243347,UTR86583937663,21457.84,2026-08-20,NEFT-RAZORPAY-MERCH_001,MERCH_001
TXN5788281480,,28141.86,2026-08-16,NEFT-RAZORPAY-MERCH_004,MERCH_004
TXN6921150502,,1906.35,2026-08-31,NEFT-RAZORPAY-MERCH_005,MERCH_005
TXN8143163262,UTR811846823867,10505.83,2026-08-15,NEFT-RAZORPAY-MERCH_001,MERCH_001
TXN4931987544,UTR145843336443,20544.32,2026-08-30,NEFT-RAZORPAY-MERCH_004,MERCH_004
TXN3772510019,UTR587847983533,34066.6,2026-08-20,NEFT-RAZORPAY-MERCH_005,MERCH_005
TXN6171236971,UTR167411645588,31318.14,2026-08-10,NEFT-RAZORPAY-MERCH_005,MERCH_005
TXN6466127403,UTR518871463100,984.28,2026-08-24,NEFT-RAZORPAY-MERCH_001,MERCH_001
TXN1514909959,UTR255731167716,43739.17,2026-08-15,NEFT-RAZORPAY-MERCH_002,MERCH_002
TXN8732715520,UTR255731167716,43739.17,2026-08-15,NEFT-RAZORPAY-DUP-MERCH_002,MERCH_002
TXN8382005035,UTR298055431259,21349.72,2026-08-24,NEFT-RAZORPAY-MERCH_005,MERCH_005
TXN7093530795,UTR497633960546,2298.36,2026-08-26,NEFT-RAZORPAY-MERCH_001,MERCH_001
TXN9190824228,UTR747062965893,17301.41,2026-08-22,NEFT-RAZORPAY-MERCH_004,MERCH_004
TXN929596855,UTR988083354827,28568.09,2026-08-17,NEFT-RAZORPAY-MERCH_004,MERCH_004
TXN4213817256,UTR955724001977,42800.83,2026-08-09,NEFT-RAZORPAY-MERCH_004,MERCH_004
TXN1829582269,UTR857649506027,36591.85,2026-08-14,NEFT-RAZORPAY-MERCH_003,MERCH_003
TXN4342986155,,15485.02,2026-08-20,NEFT-RAZORPAY-MERCH_002,MERCH_002
TXN6498920150,UTR88421278833,42605.37,2026-08-12,NEFT-RAZORPAY-MERCH_001,MERCH_001
TXN4632725612,UTR815729164672,14898.47,2026-08-21,NEFT-RAZORPAY-MERCH_002,MERCH_002
TXN5346163501,UTR245184838474,38573.22,2026-08-16,NEFT-RAZORPAY-MERCH_002,MERCH_002
TXN7137793522,UTR210744960434,14601.28,2026-08-29,NEFT-RAZORPAY-MERCH_005,MERCH_005
TXN2664791680,UTR933855899013,24986.97,2026-08-29,NEFT-RAZORPAY-MERCH_004,MERCH_004
TXN7082795320,UTR95395656329,8143.19,2026-08-27,NEFT-RAZORPAY-MERCH_001,MERCH_001
TXN6149320061,UTR840694416760,21271.11,2026-08-13,NEFT-RAZORPAY-MERCH_003,MERCH_003
TXN7174979471,UTR697115861762,26255.18,2026-08-19,NEFT-RAZORPAY-MERCH_004,MERCH_004
TXN9963875049,UTR106053518019,42834.01,2026-08-31,NEFT-RAZORPAY-MERCH_002,MERCH_002
TXN2480306084,UTR496748794963,34414.24,2026-08-07,NEFT-RAZORPAY-MERCH_004,MERCH_004
TXN9497250298,UTR380523185590,3613.54,2026-08-10,NEFT-RAZORPAY-MERCH_004,MERCH_004
TXN4476776108,UTR690020644930,15331.16,2026-08-31,NEFT-RAZORPAY-MERCH_003,MERCH_003
TXN4102629972,UTR521256302131,22890.41,2026-08-18,NEFT-RAZORPAY-MERCH_001,MERCH_001
TXN7291831167,UTR89992615395,43661.35,2026-08-20,NEFT-RAZORPAY-MERCH_001,MERCH_001
TXN9795446508,UTR56570254400,15009.59,2026-08-23,NEFT-RAZORPAY-MERCH_004,MERCH_004
TXN9015652739,UTR35633045062,43947.39,2026-08-27,NEFT-RAZORPAY-MERCH_003,MERCH_003
TXN4594898826,UTR436628041878,19467.97,2026-08-29,NEFT-RAZORPAY-MERCH_004,MERCH_004
TXN7865077904,UTR40057867125,5511.86,2026-08-27,NEFT-RAZORPAY-MERCH_001,MERCH_001
TXN1683833225,UTR911250196831,36793.34,2026-08-19,NEFT-RAZORPAY-MERCH_002,MERCH_002
TXN7356983779,,21573.32,2026-08-19,NEFT-RAZORPAY-MERCH_001,MERCH_001
TXN9326171689,UTR792703676335,19043.19,2026-08-20,NEFT-RAZORPAY-MERCH_004,MERCH_004
TXN5804615352,UTR298374691272,4905.3,2026-08-30,NEFT-RAZORPAY-MERCH_001,MERCH_001
TXN280207411,UTR591994078066,41835.41,2026-08-23,NEFT-RAZORPAY-MERCH_002,MERCH_002
TXN1601948207,UTR550577260241,21448.13,2026-08-26,NEFT-RAZORPAY-MERCH_002,MERCH_002
TXN7699748645,UTR606529210849,12405.14,2026-08-24,NEFT-RAZORPAY-MERCH_005,MERCH_005
TXN4268339073,UTR294184602852,21870.33,2026-08-27,NEFT-RAZORPAY-MERCH_002,MERCH_002
TXN9185767296,UTR668961097395,18133.97,2026-08-29,NEFT-RAZORPAY-MERCH_001,MERCH_001
TXN7943454294,UTR474570352379,1455.41,2026-08-17,NEFT-RAZORPAY-MERCH_003,MERCH_003
TXN335380616,UTR359532785425,34877.32,2026-08-07,NEFT-RAZORPAY-MERCH_005,MERCH_005
TXN2388655557,UTR237645767181,16860.19,2026-08-19,NEFT-RAZORPAY-MERCH_005,MERCH_005
TXN1682589500,,24483.7,2026-08-25,NEFT-RAZORPAY-MERCH_003,MERCH_003
TXN9068936109,UTR19952838433,28511.21,2026-08-21,NEFT-RAZORPAY-MERCH_004,MERCH_004
TXN5819276346,UTR421317187572,34990.08,2026-08-24,NEFT-RAZORPAY-MERCH_001,MERCH_001
TXN7916478320,UTR741732251389,35916.84,2026-08-22,NEFT-RAZORPAY-MERCH_004,MERCH_004
TXN9851261906,UTR75196954097,12174.38,2026-08-07,NEFT-RAZORPAY-MERCH_005,MERCH_005
TXN1668355563,,6559.35,2026-08-20,NEFT-RAZORPAY-MERCH_003,MERCH_003
TXN3727832461,UTR588088133779,18548.83,2026-08-12,NEFT-RAZORPAY-MERCH_002,MERCH_002
TXN2783419464,UTR103633604759,27641.66,2026-08-06,NEFT-RAZORPAY-MERCH_004,MERCH_004
TXN8570484586,UTR469998180853,37643.94,2026-08-11,NEFT-RAZORPAY-MERCH_005,MERCH_005
TXN8366871718,UTR469998180853,37643.94,2026-08-11,NEFT-RAZORPAY-DUP-MERCH_005,MERCH_005
TXN5166926999,UTR75592375760,40648.16,2026-08-21,NEFT-RAZORPAY-MERCH_005,MERCH_005
TXN1914277357,UTR31370442537,31851.06,2026-08-24,NEFT-RAZORPAY-MERCH_004,MERCH_004
TXN2982650633,UTR633226091030,21089.09,2026-08-10,NEFT-RAZORPAY-MERCH_002,MERCH_002
TXN1158718341,UTR932964961172,14192.28,2026-08-29,NEFT-RAZORPAY-MERCH_004,MERCH_004
TXN5841417351,UTR215242525836,3031.49,2026-08-14,NEFT-RAZORPAY-MERCH_002,MERCH_002
TXN881936061,UTR831187556217,16853.88,2026-08-09,NEFT-RAZORPAY-MERCH_005,MERCH_005
TXN8085085844,UTR883388495007,22392.43,2026-08-06,NEFT-RAZORPAY-MERCH_001,MERCH_001
TXN1538391523,UTR138434270724,33646.72,2026-08-09,NEFT-RAZORPAY-MERCH_005,MERCH_005
TXN5091679546,UTR270884465829,1709.15,2026-08-08,NEFT-RAZORPAY-MERCH_003,MERCH_003
TXN6998510231,UTR56769427910,44589.47,2026-08-24,NEFT-RAZORPAY-MERCH_004,MERCH_004
TXN9163662634,UTR112498684533,29235.7,2026-08-27,NEFT-RAZORPAY-MERCH_003,MERCH_003
TXN7457471408,UTR100385661677,8257.77,2026-08-10,NEFT-RAZORPAY-MERCH_001,MERCH_001
TXN7580239582,UTR141880864836,29633.76,2026-08-07,NEFT-RAZORPAY-MERCH_005,MERCH_005
TXN7555695950,UTR224921417936,24917.67,2026-08-09,NEFT-RAZORPAY-MERCH_004,MERCH_004
TXN2560620508,UTR215221916332,36992.13,2026-08-22,NEFT-RAZORPAY-MERCH_002,MERCH_002
TXN8753583220,UTR875817689321,31876.03,2026-09-01,NEFT-RAZORPAY-MERCH_003,MERCH_003
TXN9357323205,UTR546121862675,1948.67,2026-08-06,NEFT-RAZORPAY-MERCH_005,MERCH_005
TXN1241140309,UTR530506051607,21397.67,2026-08-19,NEFT-RAZORPAY-MERCH_003,MERCH_003
TXN2914580548,UTR400407112937,34491.47,2026-08-30,NEFT-RAZORPAY-MERCH_001,MERCH_001
TXN9266305035,,37095.64,2026-08-29,NEFT-RAZORPAY-MERCH_001,MERCH_001
TXN4364070595,UTR425295125971,41568.15,2026-08-10,NEFT-RAZORPAY-MERCH_002,MERCH_002
TXN5428657402,UTR425295125971,41568.15,2026-08-10,NEFT-RAZORPAY-DUP-MERCH_002,MERCH_002
TXN8437605476,UTR506451985536,36967.19,2026-08-14,NEFT-RAZORPAY-MERCH_005,MERCH_005
TXN5075376649,UTR988785241277,44164.68,2026-08-29,NEFT-RAZORPAY-MERCH_003,MERCH_003
TXN5157308078,,29056.25,2026-08-21,NEFT-RAZORPAY-MERCH_004,MERCH_004
TXN7765949827,,31128.68,2026-08-07,NEFT-RAZORPAY-MERCH_003,MERCH_003
TXN9957117543,UTR363801488399,37595.78,2026-08-20,NEFT-RAZORPAY-MERCH_002,MERCH_002
TXN1174242103,UTR771862721393,23872.67,2026-08-21,NEFT-RAZORPAY-MERCH_003,MERCH_003
TXN4777363454,UTR187274631689,8871.93,2026-08-16,NEFT-RAZORPAY-MERCH_005,MERCH_005
TXN8391125548,,20148.48,2026-08-08,NEFT-RAZORPAY-MERCH_004,MERCH_004
TXN4871023768,UTR785389069241,39835.64,2026-08-11,NEFT-RAZORPAY-MERCH_005,MERCH_005
TXN9515632227,UTR963610857691,39879.73,2026-08-23,NEFT-RAZORPAY-MERCH_005,MERCH_005
TXN1026259322,UTR463578974947,41349.89,2026-08-19,NEFT-RAZORPAY-MERCH_005,MERCH_005
TXN271702593,UTR944662870916,17536.28,2026-08-15,NEFT-RAZORPAY-MERCH_001,MERCH_001
TXN5253313647,UTR88941793473,34075.73,2026-08-15,NEFT-RAZORPAY-MERCH_003,MERCH_003
TXN3964563214,,12661.31,2026-08-28,NEFT-RAZORPAY-MERCH_002,MERCH_002
TXN9748559108,UTR75350050289,12157.7,2026-08-09,NEFT-RAZORPAY-MERCH_001,MERCH_001
TXN9258861655,UTR470823827043,11916.63,2026-08-19,NEFT-RAZORPAY-MERCH_003,MERCH_003
TXN6060236925,UTR544580457032,35519.64,2026-08-30,NEFT-RAZORPAY-MERCH_003,MERCH_003
TXN9347605962,UTR579449211547,24659.55,2026-08-08,NEFT-RAZORPAY-MERCH_004,MERCH_004
TXN4670349007,UTR579449211547,24659.55,2026-08-08,NEFT-RAZORPAY-DUP-MERCH_004,MERCH_004
TXN5604146203,UTR406173801516,17175.74,2026-08-13,NEFT-RAZORPAY-MERCH_002,MERCH_002
TXN7016582287,UTR659243341304,20165.43,2026-08-18,NEFT-RAZORPAY-MERCH_003,MERCH_003
TXN5319784056,UTR393959942216,41682.3,2026-08-13,NEFT-RAZORPAY-MERCH_002,MERCH_002
TXN7231264298,UTR393959942216,41682.3,2026-08-13,NEFT-RAZORPAY-DUP-MERCH_002,MERCH_002
TXN2590007117,,25719.33,2026-08-20,NEFT-RAZORPAY-MERCH_005,MERCH_005
TXN3804025408,UTR809145694768,2198.28,2026-08-31,NEFT-RAZORPAY-MERCH_001,MERCH_001
TXN8877090841,UTR913528062575,1663.3,2026-08-28,NEFT-RAZORPAY-MERCH_001,MERCH_001
TXN6232924533,,37042.47,2026-08-17,NEFT-RAZORPAY-MERCH_002,MERCH_002
TXN3001190668,UTR23473724516,27412.69,2026-08-13,NEFT-RAZORPAY-MERCH_004,MERCH_004
TXN9807567871,UTR23473724516,27412.69,2026-08-13,NEFT-RAZORPAY-DUP-MERCH_004,MERCH_004
TXN459188245,UTR559722134646,19691.13,2026-08-07,NEFT-RAZORPAY-MERCH_001,MERCH_001
TXN6562813478,UTR938394666879,24292.12,2026-08-17,NEFT-RAZORPAY-MERCH_004,MERCH_004
TXN9796090435,UTR562648573101,38350.16,2026-08-17,NEFT-RAZORPAY-MERCH_003,MERCH_003
TXN5925417159,UTR110946389027,44584.13,2026-08-08,NEFT-RAZORPAY-MERCH_002,MERCH_002
TXN2937404781,UTR64243518469,4469.85,2026-08-23,NEFT-RAZORPAY-MERCH_001,MERCH_001
TXN4519573178,UTR383440364449,37165.12,2026-08-20,NEFT-RAZORPAY-MERCH_002,MERCH_002
TXN5756422179,,26432.19,2026-08-19,NEFT-RAZORPAY-MERCH_003,MERCH_003
TXN4323191306,UTR117420237859,21323.75,2026-08-18,NEFT-RAZORPAY-MERCH_002,MERCH_002
TXN2793063153,UTR574227142628,14426.0,2026-08-14,NEFT-RAZORPAY-MERCH_002,MERCH_002
TXN7734559048,UTR140918043494,7169.84,2026-08-22,NEFT-RAZORPAY-MERCH_001,MERCH_001
TXN518411478,UTR24874837510,29702.33,2026-08-05,NEFT-RAZORPAY-MERCH_002,MERCH_002
TXN4626015370,UTR24874837510,29702.33,2026-08-05,NEFT-RAZORPAY-DUP-MERCH_002,MERCH_002
TXN2691902213,UTR831892064847,14716.02,2026-08-18,NEFT-RAZORPAY-MERCH_005,MERCH_005
TXN6987751645,UTR163004388795,28945.11,2026-08-14,NEFT-RAZORPAY-MERCH_002,MERCH_002
TXN2924653455,UTR907855402679,25911.84,2026-08-16,NEFT-RAZORPAY-MERCH_003,MERCH_003
TXN8577605227,UTR163819411649,16455.22,2026-08-05,NEFT-RAZORPAY-MERCH_001,MERCH_001
TXN906902835,,41096.88,2026-08-12,NEFT-RAZORPAY-MERCH_001,MERCH_001
TXN763572703,UTR957038476499,21703.25,2026-08-20,NEFT-RAZORPAY-MERCH_004,MERCH_004
TXN2042212630,UTR540411945439,7603.52,2026-08-18,NEFT-RAZORPAY-MERCH_004,MERCH_004
TXN916597284,UTR866985283848,15280.55,2026-08-30,NEFT-RAZORPAY-MERCH_003,MERCH_003
TXN9308722407,,26136.23,2026-08-27,NEFT-RAZORPAY-MERCH_002,MERCH_002
TXN5170670430,UTR709417758264,15295.07,2026-08-20,NEFT-RAZORPAY-MERCH_004,MERCH_004
TXN3046083453,,38313.74,2026-08-28,NEFT-RAZORPAY-MERCH_005,MERCH_005
TXN9289711133,,32500.87,2026-08-23,NEFT-RAZORPAY-MERCH_001,MERCH_001
TXN6911986633,UTR12947728056,7028.64,2026-08-31,NEFT-RAZORPAY-MERCH_005,MERCH_005
TXN4303756827,UTR530071706517,7332.51,2026-08-16,NEFT-RAZORPAY-MERCH_003,MERCH_003
TXN4423022742,UTR530071706517,7332.51,2026-08-16,NEFT-RAZORPAY-DUP-MERCH_003,MERCH_003
TXN3320853553,,19958.36,2026-08-13,NEFT-RAZORPAY-MERCH_005,MERCH_005
TXN5802522642,UTR238866726398,29461.67,2026-08-10,NEFT-RAZORPAY-MERCH_002,MERCH_002
TXN6960991738,UTR924582161218,38548.96,2026-08-25,NEFT-RAZORPAY-MERCH_003,MERCH_003
TXN706469121,UTR673213202792,8671.71,2026-08-22,NEFT-RAZORPAY-MERCH_002,MERCH_002
TXN1356729176,UTR454118058080,18620.24,2026-08-21,NEFT-RAZORPAY-MERCH_005,MERCH_005
TXN6732280460,UTR573338438532,35931.54,2026-08-15,NEFT-RAZORPAY-MERCH_005,MERCH_005
TXN7475862256,,26053.39,2026-08-29,NEFT-RAZORPAY-MERCH_001,MERCH_001
TXN4589408011,,44738.71,2026-08-08,NEFT-RAZORPAY-MERCH_002,MERCH_002
TXN2643280157,UTR93959630028,27456.48,2026-08-13,NEFT-RAZORPAY-MERCH_002,MERCH_002
TXN9573691520,UTR413713219652,25629.23,2026-08-19,NEFT-RAZORPAY-MERCH_005,MERCH_005
TXN8412846023,UTR366323097640,10294.32,2026-08-23,NEFT-RAZORPAY-MERCH_001,MERCH_001
TXN1177729756,,1341.48,2026-08-08,NEFT-RAZORPAY-MERCH_005,MERCH_005
TXN3546156180,UTR530200936840,9981.93,2026-08-13,NEFT-RAZORPAY-MERCH_004,MERCH_004
TXN8546521136,UTR614225291138,8612.59,2026-08-27,NEFT-RAZORPAY-MERCH_004,MERCH_004
TXN3879747363,UTR272134098394,6581.61,2026-08-09,NEFT-RAZORPAY-MERCH_005,MERCH_005
TXN8657162467,UTR829716684994,42006.2,2026-08-15,NEFT-RAZORPAY-MERCH_002,MERCH_002
TXN3352098264,UTR829716684994,42006.2,2026-08-15,NEFT-RAZORPAY-DUP-MERCH_002,MERCH_002
TXN4475916710,UTR593866749225,38309.73,2026-08-24,NEFT-RAZORPAY-MERCH_001,MERCH_001
TXN9339719501,UTR454845316164,4142.64,2026-08-16,NEFT-RAZORPAY-MERCH_005,MERCH_005
TXN5278526753,UTR33512426977,21550.8,2026-08-17,NEFT-RAZORPAY-MERCH_005,MERCH_005
TXN3410220739,UTR654112175055,15863.38,2026-08-19,NEFT-RAZORPAY-MERCH_001,MERCH_001
TXN2699491871,UTR654112175055,15863.38,2026-08-19,NEFT-RAZORPAY-DUP-MERCH_001,MERCH_001
TXN1020539908,UTR713231960404,6910.33,2026-08-28,NEFT-RAZORPAY-MERCH_002,MERCH_002
TXN4304274135,UTR991659055029,11192.79,2026-08-23,NEFT-RAZORPAY-MERCH_003,MERCH_003
TXN6314502827,UTR81130715286,20167.47,2026-08-12,NEFT-RAZORPAY-MERCH_004,MERCH_004
TXN9124872835,UTR173773479933,5360.09,2026-08-29,NEFT-RAZORPAY-MERCH_002,MERCH_002
TXN6793721839,UTR702319030042,34364.79,2026-08-15,NEFT-RAZORPAY-MERCH_004,MERCH_004
TXN9143531167,UTR737172522141,43036.15,2026-08-22,NEFT-RAZORPAY-MERCH_005,MERCH_005
TXN3860166470,,10758.75,2026-08-26,NEFT-RAZORPAY-MERCH_003,MERCH_003
TXN9883031525,,18915.91,2026-08-20,NEFT-RAZORPAY-MERCH_003,MERCH_003
TXN6217174275,UTR653035522589,33197.6,2026-08-14,NEFT-RAZORPAY-MERCH_002,MERCH_002
TXN8866307041,UTR375339567059,6068.28,2026-08-16,NEFT-RAZORPAY-MERCH_004,MERCH_004
TXN7896863085,UTR210689521757,35006.04,2026-08-08,NEFT-RAZORPAY-MERCH_001,MERCH_001
TXN559288435,UTR975959971582,34790.87,2026-08-25,NEFT-RAZORPAY-MERCH_004,MERCH_004
TXN277884864,UTR944631840533,15925.14,2026-08-17,NEFT-RAZORPAY-MERCH_001,MERCH_001
TXN3512812292,UTR441096722186,4361.46,2026-08-25,NEFT-RAZORPAY-MERCH_005,MERCH_005
TXN9617328250,UTR871298796996,26598.73,2026-08-20,NEFT-RAZORPAY-MERCH_003,MERCH_003
TXN6732371161,UTR288619927209,37295.21,2026-08-20,NEFT-RAZORPAY-MERCH_001,MERCH_001
TXN8364929899,UTR282274724670,19586.21,2026-08-23,NEFT-RAZORPAY-MERCH_001,MERCH_001
TXN9510421486,UTR571021931045,38029.18,2026-08-09,NEFT-RAZORPAY-MERCH_004,MERCH_004
TXN8509385328,UTR368251863235,17067.51,2026-08-19,NEFT-RAZORPAY-MERCH_002,MERCH_002
TXN8647439420,UTR143522711152,21406.59,2026-08-08,NEFT-RAZORPAY-MERCH_004,MERCH_004
TXN3973417938,UTR862876682122,31586.23,2026-08-29,NEFT-RAZORPAY-MERCH_001,MERCH_001
TXN2650106242,UTR858555334680,30876.37,2026-08-19,NEFT-RAZORPAY-MERCH_002,MERCH_002
TXN2841900090,,36261.5,2026-08-26,NEFT-RAZORPAY-MERCH_004,MERCH_004
TXN7730867175,UTR954778953995,19476.96,2026-08-23,NEFT-RAZORPAY-MERCH_005,MERCH_005
TXN6328584339,UTR984241538068,37390.17,2026-08-19,NEFT-RAZORPAY-MERCH_001,MERCH_001
TXN5337019658,UTR800872299802,35462.36,2026-08-13,NEFT-RAZORPAY-MERCH_004,MERCH_004
TXN9919858485,UTR441989132704,36957.13,2026-08-18,NEFT-RAZORPAY-MERCH_005,MERCH_005
TXN3188816285,UTR140291692241,2809.9,2026-08-17,NEFT-RAZORPAY-MERCH_001,MERCH_001
TXN596454127,,10825.13,2026-08-18,NEFT-RAZORPAY-MERCH_004,MERCH_004
TXN8024518343,UTR681035497258,9618.16,2026-08-29,NEFT-RAZORPAY-MERCH_005,MERCH_005
TXN4679799786,UTR57469104358,43345.86,2026-08-09,NEFT-RAZORPAY-MERCH_004,MERCH_004
TXN1194521674,UTR443959502578,29186.2,2026-08-26,NEFT-RAZORPAY-MERCH_004,MERCH_004
TXN7305548090,UTR688737504226,30308.83,2026-08-22,NEFT-RAZORPAY-MERCH_001,MERCH_001
TXN2295673863,UTR926118135756,28462.29,2026-08-11,NEFT-RAZORPAY-MERCH_002,MERCH_002
TXN4080458990,,21531.28,2026-08-22,NEFT-RAZORPAY-MERCH_001,MERCH_001
TXN3885447669,UTR698926693517,23193.18,2026-08-18,NEFT-RAZORPAY-MERCH_002,MERCH_002
TXN2520148104,UTR435720949113,39513.43,2026-08-17,NEFT-RAZORPAY-MERCH_002,MERCH_002
TXN8898790327,UTR400280239057,29810.02,2026-08-22,NEFT-RAZORPAY-MERCH_002,MERCH_002
TXN8446978694,UTR749426439285,43331.2,2026-08-27,NEFT-RAZORPAY-MERCH_001,MERCH_001
TXN139989851,UTR858165076533,4717.71,2026-08-24,NEFT-RAZORPAY-MERCH_003,MERCH_003
TXN3729501369,UTR832450433312,19961.91,2026-08-07,NEFT-RAZORPAY-MERCH_002,MERCH_002
TXN2369070935,UTR419558862968,16157.38,2026-08-16,NEFT-RAZORPAY-MERCH_003,MERCH_003
TXN9880417486,UTR740749868493,19496.04,2026-08-16,NEFT-RAZORPAY-MERCH_004,MERCH_004
TXN2446105101,UTR81784921306,15203.91,2026-08-13,NEFT-RAZORPAY-MERCH_002,MERCH_002
TXN1016228922,UTR568282382706,10940.09,2026-08-23,NEFT-RAZORPAY-MERCH_001,MERCH_001
TXN5156856491,UTR696756038275,1111.55,2026-08-12,NEFT-RAZORPAY-MERCH_004,MERCH_004
TXN2443469821,UTR344575116615,35154.98,2026-08-06,NEFT-RAZORPAY-MERCH_002,MERCH_002
TXN8521747849,UTR266387588126,37776.64,2026-08-29,NEFT-RAZORPAY-MERCH_004,MERCH_004
TXN9966830238,UTR197530565590,6251.52,2026-08-27,NEFT-RAZORPAY-MERCH_001,MERCH_001
TXN7349829385,UTR942960925070,29461.34,2026-08-12,NEFT-RAZORPAY-MERCH_003,MERCH_003
TXN9259551593,UTR969198231682,27491.49,2026-08-19,NEFT-RAZORPAY-MERCH_005,MERCH_005
TXN9181301558,UTR426194653858,35311.25,2026-08-29,NEFT-RAZORPAY-MERCH_003,MERCH_003
TXN1527117537,UTR306728900752,8711.61,2026-08-19,NEFT-RAZORPAY-MERCH_005,MERCH_005
TXN8273337392,,9180.59,2026-08-26,NEFT-RAZORPAY-MERCH_004,MERCH_004
TXN5859277055,UTR755368105668,21924.28,2026-08-30,NEFT-RAZORPAY-MERCH_003,MERCH_003
TXN837693645,UTR817275315679,14820.34,2026-08-26,NEFT-RAZORPAY-MERCH_004,MERCH_004
TXN8698160597,UTR745760532438,2266.81,2026-08-17,NEFT-RAZORPAY-MERCH_003,MERCH_003
TXN1289872788,UTR817288405863,34422.9,2026-08-06,NEFT-RAZORPAY-MERCH_005,MERCH_005
TXN2645482680,UTR592616686029,17819.54,2026-08-20,NEFT-RAZORPAY-MERCH_005,MERCH_005
TXN2638757550,UTR441376123013,38214.7,2026-08-14,NEFT-RAZORPAY-MERCH_003,MERCH_003
TXN6848626047,UTR304549162514,22493.62,2026-08-25,NEFT-RAZORPAY-MERCH_005,MERCH_005
TXN6325533920,UTR242787496172,8328.68,2026-08-05,NEFT-RAZORPAY-MERCH_001,MERCH_001
TXN1531698048,UTR949041451927,29687.74,2026-08-30,NEFT-RAZORPAY-MERCH_004,MERCH_004
TXN9648530292,UTR765772119377,31371.07,2026-08-06,NEFT-RAZORPAY-MERCH_001,MERCH_001
TXN9875321338,UTR765772119377,31371.07,2026-08-06,NEFT-RAZORPAY-DUP-MERCH_001,MERCH_001
TXN5358611550,UTR131077904969,34971.49,2026-08-20,NEFT-RAZORPAY-MERCH_001,MERCH_001
TXN5681184536,UTR782972967012,17762.85,2026-08-10,NEFT-RAZORPAY-MERCH_005,MERCH_005
TXN5397501390,UTR230865089232,9652.67,2026-08-24,NEFT-RAZORPAY-MERCH_002,MERCH_002
TXN6021543874,,44204.54,2026-08-07,NEFT-RAZORPAY-MERCH_001,MERCH_001
TXN5393990777,UTR638896469474,16955.0,2026-08-07,NEFT-RAZORPAY-MERCH_001,MERCH_001
TXN2162984092,UTR845082423005,33000.51,2026-08-22,NEFT-RAZORPAY-MERCH_004,MERCH_004
TXN4624664287,UTR219058736779,7492.75,2026-08-06,NEFT-RAZORPAY-MERCH_001,MERCH_001
TXN7138632098,UTR966491703321,34104.15,2026-08-17,NEFT-RAZORPAY-MERCH_005,MERCH_005
TXN343375673,UTR202015282165,14771.23,2026-08-15,NEFT-RAZORPAY-MERCH_002,MERCH_002
TXN3506096784,UTR555257840136,15853.46,2026-08-27,NEFT-RAZORPAY-MERCH_004,MERCH_004
TXN5373812453,UTR503813865506,26703.64,2026-08-20,NEFT-RAZORPAY-MERCH_002,MERCH_002
TXN6731601336,UTR536494761248,14649.26,2026-08-19,NEFT-RAZORPAY-MERCH_001,MERCH_001
TXN2710704816,UTR610217947036,8942.0,2026-08-13,NEFT-RAZORPAY-MERCH_004,MERCH_004
TXN8308784603,UTR144098809307,18738.98,2026-08-25,NEFT-RAZORPAY-MERCH_003,MERCH_003
TXN6453654387,UTR696452021258,34628.46,2026-08-18,NEFT-RAZORPAY-MERCH_001,MERCH_001
TXN4449026206,UTR717117287908,33020.61,2026-08-25,NEFT-RAZORPAY-MERCH_001,MERCH_001
TXN4723756409,UTR841871601112,21583.19,2026-08-06,NEFT-RAZORPAY-MERCH_005,MERCH_005
TXN1787725257,UTR140532115742,9722.91,2026-08-08,NEFT-RAZORPAY-MERCH_002,MERCH_002
TXN1886449701,UTR818521254933,29108.76,2026-08-15,NEFT-RAZORPAY-MERCH_004,MERCH_004
TXN2964742500,UTR968914252481,25189.11,2026-08-11,NEFT-RAZORPAY-MERCH_005,MERCH_005
TXN9943733717,UTR670182253682,11830.53,2026-08-08,NEFT-RAZORPAY-MERCH_002,MERCH_002
TXN9773376255,UTR896439928589,5867.01,2026-08-17,NEFT-RAZORPAY-MERCH_005,MERCH_005
TXN8877751762,UTR336047575767,8037.72,2026-08-21,NEFT-RAZORPAY-MERCH_005,MERCH_005
TXN7293752992,UTR734586894161,35819.69,2026-08-11,NEFT-RAZORPAY-MERCH_001,MERCH_001
TXN3936256707,UTR396069385153,9703.04,2026-08-26,NEFT-RAZORPAY-MERCH_001,MERCH_001
TXN2621307579,UTR253421619589,30000.75,2026-08-22,NEFT-RAZORPAY-MERCH_002,MERCH_002
TXN1041405297,UTR358182005925,3804.15,2026-08-11,NEFT-RAZORPAY-MERCH_002,MERCH_002
TXN6421431144,UTR387934153848,18650.88,2026-08-30,NEFT-RAZORPAY-MERCH_002,MERCH_002
TXN7084024868,,38175.54,2026-08-27,NEFT-RAZORPAY-MERCH_001,MERCH_001
TXN1063956122,UTR483124887987,6995.21,2026-08-19,NEFT-RAZORPAY-MERCH_001,MERCH_001
TXN5253926119,UTR101055872645,40135.0,2026-08-27,NEFT-RAZORPAY-MERCH_002,MERCH_002
TXN1708054146,,19236.99,2026-08-19,NEFT-RAZORPAY-MERCH_003,MERCH_003
TXN9207844853,UTR189243580200,31970.9,2026-08-20,NEFT-RAZORPAY-MERCH_005,MERCH_005
TXN5433721614,UTR606299190478,8722.02,2026-08-26,NEFT-RAZORPAY-MERCH_002,MERCH_002
TXN4734042835,UTR314680176654,28321.13,2026-08-09,NEFT-RAZORPAY-MERCH_002,MERCH_002
TXN7394522810,UTR246279183508,10062.42,2026-08-26,NEFT-RAZORPAY-MERCH_001,MERCH_001
TXN4375979499,UTR985684689344,20863.48,2026-09-02,NEFT-RAZORPAY-MERCH_002,MERCH_002
TXN7677178164,UTR215081373324,14748.36,2026-08-26,DIRECT-UPI-CREDIT-UNLINKED,MERCH_002
TXN4062342468,UTR860823304079,12871.67,2026-08-22,DIRECT-UPI-CREDIT-UNLINKED,MERCH_001
TXN2299563448,UTR807460714552,5600.7,2026-08-23,DIRECT-UPI-CREDIT-UNLINKED,MERCH_004
