tier,rule,match_method,status,match_type,payment_id,utr,merchant_id,razorpay_amount,bank_amount,razorpay_date,bank_date,confidence,rule_fired,timestamp
1,EXACT_REF_MATCH,Deterministic Match,MATCHED,Tier 1 (Exact UTR),pay_725767bb2645,UTR148656181726,MERCH_005,37257.38,37257.38,2026-08-20,2026-08-21,1.0,Deterministic Match (EXACT_REF_MATCH),2026-09-03 21:03:09
1,EXACT_REF_MATCH,Deterministic Match,MATCHED,Tier 1 (Exact UTR),pay_b8a5a05d8752,UTR140718621090,MERCH_003,1264.92,1264.92,2026-08-14,2026-08-18,1.0,Deterministic Match (EXACT_REF_MATCH),2026-09-03 21:03:09
1,EXACT_REF_MATCH,Deterministic Match,MATCHED,Tier 1 (Exact UTR),pay_a3a932b94ae2,UTR733309722369,MERCH_001,38925.93,38925.93,2026-08-15,2026-08-17,1.0,Deterministic Match (EXACT_REF_MATCH),2026-09-03 21:03:09
1,EXACT_REF_MATCH,Deterministic Match,MATCHED,Tier 1 (Exact UTR),pay_673001c7508e,UTR799378909616,MERCH_003,12862.42,12862.42,2026-08-29,2026-08-31,1.0,Deterministic Match (EXACT_REF_MATCH),2026-09-03 21:03:09
1,EXACT_REF_MATCH,Deterministic Match,MATCHED,Tier 1 (Exact UTR),pay_bbf217e143c1,UTR930639938247,MERCH_004,11712.76,11712.76,2026-08-16,2026-08-17,1.0,Deterministic Match (EXACT_REF_MATCH),2026-09-03 21:03:09
1,EXACT_REF_MATCH,Deterministic Match,MATCHED,Tier 1 (Exact UTR),pay_bcd6d8c74086,UTR836690759316,MERCH_005,14974.68,14974.68,2026-08-05,2026-08-06,1.0,Deterministic Match (EXACT_REF_MATCH),2026-09-03 21:03:09
1,EXACT_REF_MATCH,Deterministic Match,MATCHED,Tier 1 (Exact UTR),pay_508ada14b82b,UTR835669523193,MERCH_001,41627.1,41627.1,2026-08-09,2026-08-11,1.0,Deterministic Match (EXACT_REF_MATCH),2026-09-03 21:03:09
1,EXACT_REF_MATCH,Deterministic Match,MATCHED,Tier 1 (Exact UTR),pay_73a0326c15df,UTR360230245409,MERCH_001,27705.59,27705.59,2026-08-20,2026-08-21,1.0,Deterministic Match (EXACT_REF_MATCH),2026-09-03 21:03:09
1,EXACT_REF_MATCH,Deterministic Match,MATCHED,Tier 1 (Exact UTR),pay_ff30deba3a82,UTR115377385486,MERCH_005,2073.79,2073.79,2026-08-18,2026-08-19,1.0,Deterministic Match (EXACT_REF_MATCH),2026-09-03 21:03:09
1,EXACT_REF_MATCH,Deterministic Match,MATCHED,Tier 1 (Exact UTR),pay_4649796f02a6,UTR499434922178,MERCH_003,8151.81,8151.81,2026-08-26,2026-08-28,1.0,Deterministic Match (EXACT_REF_MATCH),2026-09-03 21:03:09
1,EXACT_REF_MATCH,Deterministic Match,MATCHED,Tier 1 (Exact UTR),pay_ae495db827d9,UTR517996815518,MERCH_002,29660.84,29660.84,2026-08-15,2026-08-17,1.0,Deterministic Match (EXACT_REF_MATCH),2026-09-03 21:03:09
1,EXACT_REF_MATCH,Deterministic Match,MATCHED,Tier 1 (Exact UTR),pay_b8f86f4bcf5c,UTR809957996535,MERCH_005,7949.13,7949.13,2026-08-11,2026-08-13,1.0,Deterministic Match (EXACT_REF_MATCH),2026-09-03 21:03:09
1,EXACT_REF_MATCH,Deterministic Match,MATCHED,Tier 1 (Exact UTR),pay_d76bcbb2b405,UTR866354424002,MERCH_002,21241.51,21241.51,2026-08-29,2026-08-31,1.0,Deterministic Match (EXACT_REF_MATCH),2026-09-03 21:03:09
1,EXACT_REF_MATCH,Deterministic Match,MATCHED,Tier 1 (Exact UTR),pay_4a79f7077dfc,UTR115653733624,MERCH_002,5774.56,5774.56,2026-08-05,2026-08-06,1.0,Deterministic Match (EXACT_REF_MATCH),2026-09-03 21:03:09
1,EXACT_REF_MATCH,Deterministic Match,MATCHED,Tier 1 (Exact UTR),pay_227717464ba0,UTR301479715814,MERCH_003,19967.31,19967.31,2026-08-11,2026-08-13,1.0,Deterministic Match (EXACT_REF_MATCH),2026-09-03 21:03:09
1,EXACT_REF_MATCH,Deterministic Match,MATCHED,Tier 1 (Exact UTR),pay_77cf4ff95824,UTR720630783450,MERCH_001,13430.33,13430.33,2026-08-13,2026-08-15,1.0,Deterministic Match (EXACT_REF_MATCH),2026-09-03 21:03:09
1,EXACT_REF_MATCH,Deterministic Match,MATCHED,Tier 1 (Exact UTR),pay_ae5b2428402c,UTR654661473412,MERCH_001,16719.54,16719.54,2026-08-20,2026-08-22,1.0,Deterministic Match (EXACT_REF_MATCH),2026-09-03 21:03:09
1,EXACT_REF_MATCH,Deterministic Match,MATCHED,Tier 1 (Exact UTR),pay_6c334206d5a1,UTR730324667103,MERCH_005,28151.55,28151.55,2026-08-23,2026-08-24,1.0,Deterministic Match (EXACT_REF_MATCH),2026-09-03 21:03:09
1,EXACT_REF_MATCH,Deterministic Match,MATCHED,Tier 1 (Exact UTR),pay_7fedb77b71e2,UTR750730150567,MERCH_005,4395.26,4395.26,2026-08-05,2026-08-06,1.0,Deterministic Match (EXACT_REF_MATCH),2026-09-03 21:03:09
1,EXACT_REF_MATCH,Deterministic Match,MATCHED,Tier 1 (Exact UTR),pay_02f166bf116a,UTR52144044508,MERCH_005,20960.59,20960.59,2026-08-06,2026-08-07,1.0,Deterministic Match (EXACT_REF_MATCH),2026-09-03 21:03:09
1,EXACT_REF_MATCH,Deterministic Match,MATCHED,Tier 1 (Exact UTR),pay_af64d5b111f7,UTR230460994344,MERCH_004,20151.33,20151.33,2026-08-06,2026-08-08,1.0,Deterministic Match (EXACT_REF_MATCH),2026-09-03 21:03:09
1,EXACT_REF_MATCH,Deterministic Match,MATCHED,Tier 1 (Exact UTR),pay_f42ac3ad4514,UTR505509144114,MERCH_005,28794.58,28794.58,2026-08-15,2026-08-17,1.0,Deterministic Match (EXACT_REF_MATCH),2026-09-03 21:03:09
1,EXACT_REF_MATCH,Deterministic Match,MATCHED,Tier 1 (Exact UTR),pay_aa5017ef71eb,UTR195902047688,MERCH_005,17165.57,17165.57,2026-08-21,2026-08-22,1.0,Deterministic Match (EXACT_REF_MATCH),2026-09-03 21:03:09
1,EXACT_REF_MATCH,Deterministic Match,MATCHED,Tier 1 (Exact UTR),pay_16fab5d3b74b,UTR321288962565,MERCH_001,33410.47,33410.47,2026-08-19,2026-08-21,1.0,Deterministic Match (EXACT_REF_MATCH),2026-09-03 21:03:09
1,EXACT_REF_MATCH,Deterministic Match,MATCHED,Tier 1 (Exact UTR),pay_16d6b2b61606,UTR897195828496,MERCH_001,10136.25,10136.25,2026-08-26,2026-08-27,1.0,Deterministic Match (EXACT_REF_MATCH),2026-09-03 21:03:09
1,EXACT_REF_MATCH,Deterministic Match,MATCHED,Tier 1 (Exact UTR),pay_ad75809a8292,UTR493699226448,MERCH_004,4626.81,4626.81,2026-08-08,2026-08-09,1.0,Deterministic Match (EXACT_REF_MATCH),2026-09-03 21:03:09
1,EXACT_REF_MATCH,Deterministic Match,MATCHED,Tier 1 (Exact UTR),pay_9e562bdd68b3,UTR351862395992,MERCH_004,35582.88,35582.88,2026-08-07,2026-08-08,1.0,Deterministic Match (EXACT_REF_MATCH),2026-09-03 21:03:09
1,EXACT_REF_MATCH,Deterministic Match,MATCHED,Tier 1 (Exact UTR),pay_cd96b8c665fb,UTR462153709355,MERCH_004,16099.4,16099.4,2026-08-23,2026-08-24,1.0,Deterministic Match (EXACT_REF_MATCH),2026-09-03 21:03:09
1,EXACT_REF_MATCH,Deterministic Match,MATCHED,Tier 1 (Exact UTR),pay_2e2ca8a1c8c1,UTR782418829400,MERCH_004,28878.74,28878.74,2026-08-26,2026-08-27,1.0,Deterministic Match (EXACT_REF_MATCH),2026-09-03 21:03:09
1,EXACT_REF_MATCH,Deterministic Match,MATCHED,Tier 1 (Exact UTR),pay_3fe538dce2b8,UTR908887088652,MERCH_005,28454.51,28454.51,2026-08-23,2026-08-25,1.0,Deterministic Match (EXACT_REF_MATCH),2026-09-03 21:03:09
1,EXACT_REF_MATCH,Deterministic Match,MATCHED,Tier 1 (Exact UTR),pay_1090d2c93e6d,UTR724223073326,MERCH_005,37635.37,37635.37,2026-08-14,2026-08-15,1.0,Deterministic Match (EXACT_REF_MATCH),2026-09-03 21:03:09
1,EXACT_REF_MATCH,Deterministic Match,MATCHED,Tier 1 (Exact UTR),pay_4c736f29ac12,UTR62018267664,MERCH_002,24335.5,24335.5,2026-08-23,2026-08-25,1.0,Deterministic Match (EXACT_REF_MATCH),2026-09-03 21:03:09
1,EXACT_REF_MATCH,Deterministic Match,MATCHED,Tier 1 (Exact UTR),pay_678ceecc3476,UTR963368799441,MERCH_005,29122.36,29122.36,2026-08-20,2026-08-22,1.0,Deterministic Match (EXACT_REF_MATCH),2026-09-03 21:03:09
1,EXACT_REF_MATCH,Deterministic Match,MATCHED,Tier 1 (Exact UTR),pay_74032075df29,UTR509769809132,MERCH_003,23670.17,23670.17,2026-08-20,2026-08-22,1.0,Deterministic Match (EXACT_REF_MATCH),2026-09-03 21:03:09
1,EXACT_REF_MATCH,Deterministic Match,MATCHED,Tier 1 (Exact UTR),pay_3c54c36e9e15,UTR380306955934,MERCH_001,23361.88,23361.88,2026-08-16,2026-08-17,1.0,Deterministic Match (EXACT_REF_MATCH),2026-09-03 21:03:09
1,EXACT_REF_MATCH,Deterministic Match,MATCHED,Tier 1 (Exact UTR),pay_2cbc708cf87f,UTR358222528559,MERCH_002,36146.2,36146.2,2026-08-20,2026-08-22,1.0,Deterministic Match (EXACT_REF_MATCH),2026-09-03 21:03:09
1,EXACT_REF_MATCH,Deterministic Match,MATCHED,Tier 1 (Exact UTR),pay_197799a9d951,UTR417441931508,MERCH_001,18705.54,18705.54,2026-08-20,2026-08-22,1.0,Deterministic Match (EXACT_REF_MATCH),2026-09-03 21:03:09
1,EXACT_REF_MATCH,Deterministic Match,MATCHED,Tier 1 (Exact UTR),pay_0bea926273a5,UTR595000570831,MERCH_004,42708.88,42708.88,2026-08-14,2026-08-16,1.0,Deterministic Match (EXACT_REF_MATCH),2026-09-03 21:03:09
1,EXACT_REF_MATCH,Deterministic Match,MATCHED,Tier 1 (Exact UTR),pay_558601ee2e4c,UTR899729532573,MERCH_005,26355.57,26355.57,2026-08-27,2026-08-28,1.0,Deterministic Match (EXACT_REF_MATCH),2026-09-03 21:03:09
1,EXACT_REF_MATCH,Deterministic Match,MATCHED,Tier 1 (Exact UTR),pay_0f69bfc9ecd7,UTR353256584100,MERCH_002,26265.92,26265.92,2026-08-14,2026-08-16,1.0,Deterministic Match (EXACT_REF_MATCH),2026-09-03 21:03:09
1,EXACT_REF_MATCH,Deterministic Match,MATCHED,Tier 1 (Exact UTR),pay_d13be270ecc2,UTR867560003344,MERCH_002,34369.87,34369.87,2026-08-06,2026-08-08,1.0,Deterministic Match (EXACT_REF_MATCH),2026-09-03 21:03:09
1,EXACT_REF_MATCH,Deterministic Match,MATCHED,Tier 1 (Exact UTR),pay_b75d61090078,UTR830147470108,MERCH_001,15965.32,15965.32,2026-08-06,2026-08-08,1.0,Deterministic Match (EXACT_REF_MATCH),2026-09-03 21:03:09
1,EXACT_REF_MATCH,Deterministic Match,MATCHED,Tier 1 (Exact UTR),pay_361a27f0913f,UTR803351798936,MERCH_002,12464.41,12464.41,2026-08-26,2026-08-27,1.0,Deterministic Match (EXACT_REF_MATCH),2026-09-03 21:03:09
1,EXACT_REF_MATCH,Deterministic Match,MATCHED,Tier 1 (Exact UTR),pay_278318b5a179,UTR969207653862,MERCH_001,10392.56,10392.56,2026-08-20,2026-08-21,1.0,Deterministic Match (EXACT_REF_MATCH),2026-09-03 21:03:09
1,EXACT_REF_MATCH,Deterministic Match,MATCHED,Tier 1 (Exact UTR),pay_9b863b993ebf,UTR631365791793,MERCH_003,31853.27,31853.27,2026-08-07,2026-08-08,1.0,Deterministic Match (EXACT_REF_MATCH),2026-09-03 21:03:09
1,EXACT_REF_MATCH,Deterministic Match,MATCHED,Tier 1 (Exact UTR),pay_ea388278ccaa,UTR863235283346,MERCH_004,19353.22,19353.22,2026-08-13,2026-08-14,1.0,Deterministic Match (EXACT_REF_MATCH),2026-09-03 21:03:09
1,EXACT_REF_MATCH,Deterministic Match,MATCHED,Tier 1 (Exact UTR),pay_5fdbe6972141,UTR498574995754,MERCH_005,15896.03,15896.03,2026-08-14,2026-08-16,1.0,Deterministic Match (EXACT_REF_MATCH),2026-09-03 21:03:09
1,EXACT_REF_MATCH,Deterministic Match,MATCHED,Tier 1 (Exact UTR),pay_d522342a79b6,UTR273584041633,MERCH_005,13071.29,13071.29,2026-08-21,2026-08-23,1.0,Deterministic Match (EXACT_REF_MATCH),2026-09-03 21:03:09
1,EXACT_REF_MATCH,Deterministic Match,MATCHED,Tier 1 (Exact UTR),pay_eb60860ecd67,UTR245042058612,MERCH_001,20482.88,20482.88,2026-08-25,2026-08-26,1.0,Deterministic Match (EXACT_REF_MATCH),2026-09-03 21:03:09
1,EXACT_REF_MATCH,Deterministic Match,MATCHED,Tier 1 (Exact UTR),pay_fed2519af2a1,UTR354207851901,MERCH_004,24500.62,24500.62,2026-08-27,2026-08-28,1.0,Deterministic Match (EXACT_REF_MATCH),2026-09-03 21:03:09
1,EXACT_REF_MATCH,Deterministic Match,MATCHED,Tier 1 (Exact UTR),pay_5ce990387406,UTR652775947853,MERCH_001,21511.52,21511.52,2026-08-15,2026-08-17,1.0,Deterministic Match (EXACT_REF_MATCH),2026-09-03 21:03:09
1,EXACT_REF_MATCH,Deterministic Match,MATCHED,Tier 1 (Exact UTR),pay_4784953ce271,UTR201460591137,MERCH_001,23941.24,23941.24,2026-08-18,2026-08-20,1.0,Deterministic Match (EXACT_REF_MATCH),2026-09-03 21:03:09
1,EXACT_REF_MATCH,Deterministic Match,MATCHED,Tier 1 (Exact UTR),pay_770d174676ac,UTR583545281312,MERCH_002,24942.67,24942.67,2026-08-09,2026-08-11,1.0,Deterministic Match (EXACT_REF_MATCH),2026-09-03 21:03:09
1,EXACT_REF_MATCH,Deterministic Match,MATCHED,Tier 1 (Exact UTR),pay_d79650a8fe47,UTR499473904749,MERCH_002,32786.13,32786.13,2026-08-21,2026-08-23,1.0,Deterministic Match (EXACT_REF_MATCH),2026-09-03 21:03:09
1,EXACT_REF_MATCH,Deterministic Match,MATCHED,Tier 1 (Exact UTR),pay_fa9165198afb,UTR30986903492,MERCH_001,27822.5,27822.5,2026-08-16,2026-08-17,1.0,Deterministic Match (EXACT_REF_MATCH),2026-09-03 21:03:09
1,EXACT_REF_MATCH,Deterministic Match,MATCHED,Tier 1 (Exact UTR),pay_6be428ef093b,UTR221543416765,MERCH_005,12266.03,12266.03,2026-08-22,2026-08-24,1.0,Deterministic Match (EXACT_REF_MATCH),2026-09-03 21:03:09
1,EXACT_REF_MATCH,Deterministic Match,MATCHED,Tier 1 (Exact UTR),pay_5e95954cad3a,UTR346495409040,MERCH_002,43538.91,43538.91,2026-08-11,2026-08-12,1.0,Deterministic Match (EXACT_REF_MATCH),2026-09-03 21:03:09
1,EXACT_REF_MATCH,Deterministic Match,MATCHED,Tier 1 (Exact UTR),pay_80dd9e3586e3,UTR134797099307,MERCH_003,37588.31,37588.31,2026-08-13,2026-08-15,1.0,Deterministic Match (EXACT_REF_MATCH),2026-09-03 21:03:09
1,EXACT_REF_MATCH,Deterministic Match,MATCHED,Tier 1 (Exact UTR),pay_65c03c5209db,UTR586249223032,MERCH_002,37555.23,37555.23,2026-08-16,2026-08-17,1.0,Deterministic Match (EXACT_REF_MATCH),2026-09-03 21:03:09
1,EXACT_REF_MATCH,Deterministic Match,MATCHED,Tier 1 (Exact UTR),pay_a85a4e3fdc54,UTR645589202453,MERCH_001,31077.66,31077.66,2026-08-09,2026-08-11,1.0,Deterministic Match (EXACT_REF_MATCH),2026-09-03 21:03:09
1,EXACT_REF_MATCH,Deterministic Match,MATCHED,Tier 1 (Exact UTR),pay_d53cbcd8c555,UTR194256068838,MERCH_003,44919.18,44919.18,2026-08-22,2026-08-23,1.0,Deterministic Match (EXACT_REF_MATCH),2026-09-03 21:03:09
1,EXACT_REF_MATCH,Deterministic Match,MATCHED,Tier 1 (Exact UTR),pay_20773876eb53,UTR985256917184,MERCH_002,35508.7,35508.7,2026-08-14,2026-08-15,1.0,Deterministic Match (EXACT_REF_MATCH),2026-09-03 21:03:09
1,EXACT_REF_MATCH,Deterministic Match,MATCHED,Tier 1 (Exact UTR),pay_4d2760dedbee,UTR617802773850,MERCH_002,41229.66,41229.66,2026-08-06,2026-08-07,1.0,Deterministic Match (EXACT_REF_MATCH),2026-09-03 21:03:09
1,EXACT_REF_MATCH,Deterministic Match,MATCHED,Tier 1 (Exact UTR),pay_40080190ce99,UTR413961849745,MERCH_002,32703.49,32703.49,2026-08-23,2026-08-25,1.0,Deterministic Match (EXACT_REF_MATCH),2026-09-03 21:03:09
1,EXACT_REF_MATCH,Deterministic Match,MATCHED,Tier 1 (Exact UTR),pay_0e45d75664e0,UTR628497452143,MERCH_004,33386.8,33386.8,2026-08-05,2026-08-07,1.0,Deterministic Match (EXACT_REF_MATCH),2026-09-03 21:03:09
1,EXACT_REF_MATCH,Deterministic Match,MATCHED,Tier 1 (Exact UTR),pay_244a351fd381,UTR49236515277,MERCH_003,22213.95,22213.95,2026-08-21,2026-08-22,1.0,Deterministic Match (EXACT_REF_MATCH),2026-09-03 21:03:09
1,EXACT_REF_MATCH,Deterministic Match,MATCHED,Tier 1 (Exact UTR),pay_b37cd7f07d20,UTR275813001521,MERCH_001,2752.82,2752.82,2026-08-26,2026-08-28,1.0,Deterministic Match (EXACT_REF_MATCH),2026-09-03 21:03:09
1,EXACT_REF_MATCH,Deterministic Match,MATCHED,Tier 1 (Exact UTR),pay_0e83250b5b9c,UTR591334386537,MERCH_004,42306.15,42306.15,2026-08-08,2026-08-10,1.0,Deterministic Match (EXACT_REF_MATCH),2026-09-03 21:03:09
1,EXACT_REF_MATCH,Deterministic Match,MATCHED,Tier 1 (Exact UTR),pay_904955549be8,UTR862177107711,MERCH_003,43663.41,43663.41,2026-08-09,2026-08-11,1.0,Deterministic Match (EXACT_REF_MATCH),2026-09-03 21:03:09
1,EXACT_REF_MATCH,Deterministic Match,MATCHED,Tier 1 (Exact UTR),pay_7df220923761,UTR240458371815,MERCH_001,42329.78,42329.78,2026-08-05,2026-08-07,1.0,Deterministic Match (EXACT_REF_MATCH),2026-09-03 21:03:09
1,EXACT_REF_MATCH,Deterministic Match,MATCHED,Tier 1 (Exact UTR),pay_e4aa14f8b769,UTR290910656616,MERCH_005,2025.39,2025.39,2026-08-18,2026-08-20,1.0,Deterministic Match (EXACT_REF_MATCH),2026-09-03 21:03:09
1,EXACT_REF_MATCH,Deterministic Match,MATCHED,Tier 1 (Exact UTR),pay_4ba38e4c0794,UTR671289123882,MERCH_004,7186.25,7186.25,2026-08-15,2026-08-16,1.0,Deterministic Match (EXACT_REF_MATCH),2026-09-03 21:03:09
1,EXACT_REF_MATCH,Deterministic Match,MATCHED,Tier 1 (Exact UTR),pay_2ff2bf8e7566,UTR202777322978,MERCH_004,18629.92,18629.92,2026-08-21,2026-08-23,1.0,Deterministic Match (EXACT_REF_MATCH),2026-09-03 21:03:09
1,EXACT_REF_MATCH,Deterministic Match,MATCHED,Tier 1 (Exact UTR),pay_cc151247e053,UTR698035355351,MERCH_005,16477.67,16477.67,2026-08-08,2026-08-10,1.0,Deterministic Match (EXACT_REF_MATCH),2026-09-03 21:03:09
1,EXACT_REF_MATCH,Deterministic Match,MATCHED,Tier 1 (Exact UTR),pay_4ea5ca024a4d,UTR237775099839,MERCH_003,31078.62,31078.62,2026-08-19,2026-08-21,1.0,Deterministic Match (EXACT_REF_MATCH),2026-09-03 21:03:09
1,EXACT_REF_MATCH,Deterministic Match,MATCHED,Tier 1 (Exact UTR),pay_596c85d34215,UTR517105018810,MERCH_002,42671.41,42671.41,2026-08-15,2026-08-17,1.0,Deterministic Match (EXACT_REF_MATCH),2026-09-03 21:03:09
1,EXACT_REF_MATCH,Deterministic Match,MATCHED,Tier 1 (Exact UTR),pay_4153b73912cb,UTR593566068620,MERCH_005,25767.13,25767.13,2026-08-27,2026-08-29,1.0,Deterministic Match (EXACT_REF_MATCH),2026-09-03 21:03:09
1,EXACT_REF_MATCH,Deterministic Match,MATCHED,Tier 1 (Exact UTR),pay_64717d91f56a,UTR5892956839,MERCH_001,35009.39,35009.39,2026-08-16,2026-08-18,1.0,Deterministic Match (EXACT_REF_MATCH),2026-09-03 21:03:09
1,EXACT_REF_MATCH,Deterministic Match,MATCHED,Tier 1 (Exact UTR),pay_d927a68724d1,UTR339956940169,MERCH_002,36144.38,36144.38,2026-08-05,2026-08-07,1.0,Deterministic Match (EXACT_REF_MATCH),2026-09-03 21:03:09
1,EXACT_REF_MATCH,Deterministic Match,MATCHED,Tier 1 (Exact UTR),pay_07efb3f2906c,UTR900936755842,MERCH_003,36954.97,36954.97,2026-08-26,2026-08-27,1.0,Deterministic Match (EXACT_REF_MATCH),2026-09-03 21:03:09
1,EXACT_REF_MATCH,Deterministic Match,MATCHED,Tier 1 (Exact UTR),pay_0853baf6587b,UTR731408756158,MERCH_003,15352.68,15352.68,2026-08-16,2026-08-17,1.0,Deterministic Match (EXACT_REF_MATCH),2026-09-03 21:03:09
1,EXACT_REF_MATCH,Deterministic Match,MATCHED,Tier 1 (Exact UTR),pay_a97b19ee1475,UTR198322101950,MERCH_005,34908.62,34908.62,2026-08-07,2026-08-09,1.0,Deterministic Match (EXACT_REF_MATCH),2026-09-03 21:03:09
1,EXACT_REF_MATCH,Deterministic Match,MATCHED,Tier 1 (Exact UTR),pay_e667cac385ca,UTR268350016397,MERCH_004,32307.07,32307.07,2026-08-06,2026-08-07,1.0,Deterministic Match (EXACT_REF_MATCH),2026-09-03 21:03:09
1,EXACT_REF_MATCH,Deterministic Match,MATCHED,Tier 1 (Exact UTR),pay_b1dee6b3a570,UTR889325670938,MERCH_005,36276.02,36276.02,2026-08-05,2026-08-07,1.0,Deterministic Match (EXACT_REF_MATCH),2026-09-03 21:03:09
1,EXACT_REF_MATCH,Deterministic Match,MATCHED,Tier 1 (Exact UTR),pay_9580b6a9f9b6,UTR213435127275,MERCH_001,40864.59,40864.59,2026-08-12,2026-08-14,1.0,Deterministic Match (EXACT_REF_MATCH),2026-09-03 21:03:09
1,EXACT_REF_MATCH,Deterministic Match,MATCHED,Tier 1 (Exact UTR),pay_1753c07a19c8,UTR888184401172,MERCH_004,20746.91,20746.91,2026-08-21,2026-08-23,1.0,Deterministic Match (EXACT_REF_MATCH),2026-09-03 21:03:09
1,EXACT_REF_MATCH,Deterministic Match,MATCHED,Tier 1 (Exact UTR),pay_647d6e3cb490,UTR814192577661,MERCH_001,25759.79,25759.79,2026-08-20,2026-08-21,1.0,Deterministic Match (EXACT_REF_MATCH),2026-09-03 21:03:09
1,EXACT_REF_MATCH,Deterministic Match,MATCHED,Tier 1 (Exact UTR),pay_1d46bc8b8650,UTR871729830225,MERCH_005,41951.3,41951.3,2026-08-25,2026-08-26,1.0,Deterministic Match (EXACT_REF_MATCH),2026-09-03 21:03:09
1,EXACT_REF_MATCH,Deterministic Match,MATCHED,Tier 1 (Exact UTR),pay_2695ef54ac0f,UTR231047767309,MERCH_001,28500.37,28500.37,2026-08-07,2026-08-08,1.0,Deterministic Match (EXACT_REF_MATCH),2026-09-03 21:03:09
1,EXACT_REF_MATCH,Deterministic Match,MATCHED,Tier 1 (Exact UTR),pay_46aafc50ead8,UTR469720261931,MERCH_005,20874.26,20874.26,2026-08-23,2026-08-24,1.0,Deterministic Match (EXACT_REF_MATCH),2026-09-03 21:03:09
1,EXACT_REF_MATCH,Deterministic Match,MATCHED,Tier 1 (Exact UTR),pay_14d3a165c7f3,UTR66939331818,MERCH_005,34088.07,34088.07,2026-08-18,2026-08-20,1.0,Deterministic Match (EXACT_REF_MATCH),2026-09-03 21:03:09
1,EXACT_REF_MATCH,Deterministic Match,MATCHED,Tier 1 (Exact UTR),pay_e7b1746c5eab,UTR883862266606,MERCH_001,41126.84,41126.84,2026-08-19,2026-08-20,1.0,Deterministic Match (EXACT_REF_MATCH),2026-09-03 21:03:09
1,EXACT_REF_MATCH,Deterministic Match,MATCHED,Tier 1 (Exact UTR),pay_6e326f027a3b,UTR970969844928,MERCH_001,44604.0,44604.0,2026-08-27,2026-08-28,1.0,Deterministic Match (EXACT_REF_MATCH),2026-09-03 21:03:09
1,EXACT_REF_MATCH,Deterministic Match,MATCHED,Tier 1 (Exact UTR),pay_ebaff0d6967f,UTR59675803984,MERCH_002,23927.6,23927.6,2026-08-17,2026-08-18,1.0,Deterministic Match (EXACT_REF_MATCH),2026-09-03 21:03:09
1,EXACT_REF_MATCH,Deterministic Match,MATCHED,Tier 1 (Exact UTR),pay_38b763534336,UTR819220238372,MERCH_001,36790.86,36790.86,2026-08-23,2026-08-25,1.0,Deterministic Match (EXACT_REF_MATCH),2026-09-03 21:03:09
1,EXACT_REF_MATCH,Deterministic Match,MATCHED,Tier 1 (Exact UTR),pay_2f3aff3bc214,UTR424321389132,MERCH_003,12151.18,12151.18,2026-08-08,2026-08-09,1.0,Deterministic Match (EXACT_REF_MATCH),2026-09-03 21:03:09
1,EXACT_REF_MATCH,Deterministic Match,MATCHED,Tier 1 (Exact UTR),pay_74d51829a0a2,UTR379471214849,MERCH_001,22365.74,22365.74,2026-08-07,2026-08-09,1.0,Deterministic Match (EXACT_REF_MATCH),2026-09-03 21:03:09
1,EXACT_REF_MATCH,Deterministic Match,MATCHED,Tier 1 (Exact UTR),pay_8a145b64ce2a,UTR830762311644,MERCH_003,12351.7,12351.7,2026-08-17,2026-08-19,1.0,Deterministic Match (EXACT_REF_MATCH),2026-09-03 21:03:09
1,EXACT_REF_MATCH,Deterministic Match,MATCHED,Tier 1 (Exact UTR),pay_00c484e4a789,UTR370817107852,MERCH_004,5369.48,5369.48,2026-08-17,2026-08-19,1.0,Deterministic Match (EXACT_REF_MATCH),2026-09-03 21:03:09
1,EXACT_REF_MATCH,Deterministic Match,MATCHED,Tier 1 (Exact UTR),pay_e2b54a22cf90,UTR12950711095,MERCH_004,15083.86,15083.86,2026-08-24,2026-08-26,1.0,Deterministic Match (EXACT_REF_MATCH),2026-09-03 21:03:09
1,EXACT_REF_MATCH,Deterministic Match,MATCHED,Tier 1 (Exact UTR),pay_14af3679a343,UTR531520130987,MERCH_002,27764.28,27764.28,2026-08-26,2026-08-27,1.0,Deterministic Match (EXACT_REF_MATCH),2026-09-03 21:03:09
1,EXACT_REF_MATCH,Deterministic Match,MATCHED,Tier 1 (Exact UTR),pay_6aca3d6c313a,UTR369658258050,MERCH_005,15821.77,15821.77,2026-08-05,2026-08-07,1.0,Deterministic Match (EXACT_REF_MATCH),2026-09-03 21:03:09
1,EXACT_REF_MATCH,Deterministic Match,MATCHED,Tier 1 (Exact UTR),pay_4c10236806ff,UTR53973661261,MERCH_001,32555.28,32555.28,2026-08-27,2026-08-28,1.0,Deterministic Match (EXACT_REF_MATCH),2026-09-03 21:03:09
1,EXACT_REF_MATCH,Deterministic Match,MATCHED,Tier 1 (Exact UTR),pay_aef107828b1d,UTR908549083422,MERCH_003,23434.46,23434.46,2026-08-25,2026-08-27,1.0,Deterministic Match (EXACT_REF_MATCH),2026-09-03 21:03:09
1,EXACT_REF_MATCH,Deterministic Match,MATCHED,Tier 1 (Exact UTR),pay_d68703a9c7fc,UTR232121021661,MERCH_004,26510.76,26510.76,2026-08-04,2026-08-06,1.0,Deterministic Match (EXACT_REF_MATCH),2026-09-03 21:03:09
1,EXACT_REF_MATCH,Deterministic Match,MATCHED,Tier 1 (Exact UTR),pay_9167234589c0,UTR995400135161,MERCH_004,2590.48,2590.48,2026-08-19,2026-08-23,1.0,Deterministic Match (EXACT_REF_MATCH),2026-09-03 21:03:09
1,EXACT_REF_MATCH,Deterministic Match,MATCHED,Tier 1 (Exact UTR),pay_951824f7b192,UTR610911368085,MERCH_002,7077.78,7077.78,2026-08-28,2026-08-29,1.0,Deterministic Match (EXACT_REF_MATCH),2026-09-03 21:03:09
1,EXACT_REF_MATCH,Deterministic Match,MATCHED,Tier 1 (Exact UTR),pay_d4103948a37a,UTR63898595226,MERCH_005,23752.35,23752.35,2026-08-15,2026-08-16,1.0,Deterministic Match (EXACT_REF_MATCH),2026-09-03 21:03:09
1,EXACT_REF_MATCH,Deterministic Match,MATCHED,Tier 1 (Exact UTR),pay_6023b19dfd19,UTR527644566667,MERCH_004,39082.32,39082.32,2026-08-21,2026-08-25,1.0,Deterministic Match (EXACT_REF_MATCH),2026-09-03 21:03:09
1,EXACT_REF_MATCH,Deterministic Match,MATCHED,Tier 1 (Exact UTR),pay_0b72f6267447,UTR540179585913,MERCH_005,41092.47,41092.47,2026-08-20,2026-08-21,1.0,Deterministic Match (EXACT_REF_MATCH),2026-09-03 21:03:09
1,EXACT_REF_MATCH,Deterministic Match,MATCHED,Tier 1 (Exact UTR),pay_60ba80453eba,UTR21178864972,MERCH_005,41576.83,41576.83,2026-08-04,2026-08-05,1.0,Deterministic Match (EXACT_REF_MATCH),2026-09-03 21:03:09
1,EXACT_REF_MATCH,Deterministic Match,MATCHED,Tier 1 (Exact UTR),pay_005d8159e0d5,UTR122077912130,MERCH_001,19022.46,19022.46,2026-08-22,2026-08-23,1.0,Deterministic Match (EXACT_REF_MATCH),2026-09-03 21:03:09
1,EXACT_REF_MATCH,Deterministic Match,MATCHED,Tier 1 (Exact UTR),pay_62f52f18294e,UTR178600841213,MERCH_005,6459.6,6459.6,2026-08-06,2026-08-07,1.0,Deterministic Match (EXACT_REF_MATCH),2026-09-03 21:03:09
1,EXACT_REF_MATCH,Deterministic Match,MATCHED,Tier 1 (Exact UTR),pay_853a155b8ed6,UTR163886376647,MERCH_002,26844.47,26844.47,2026-08-26,2026-08-27,1.0,Deterministic Match (EXACT_REF_MATCH),2026-09-03 21:03:09
1,EXACT_REF_MATCH,Deterministic Match,MATCHED,Tier 1 (Exact UTR),pay_d7c47ca1c3c9,UTR10113515734,MERCH_002,35073.68,35073.68,2026-08-15,2026-08-16,1.0,Deterministic Match (EXACT_REF_MATCH),2026-09-03 21:03:09
1,EXACT_REF_MATCH,Deterministic Match,MATCHED,Tier 1 (Exact UTR),pay_a6eaa10a4927,UTR921679138880,MERCH_004,33332.07,33332.07,2026-08-11,2026-08-12,1.0,Deterministic Match (EXACT_REF_MATCH),2026-09-03 21:03:09
1,EXACT_REF_MATCH,Deterministic Match,MATCHED,Tier 1 (Exact UTR),pay_8137804722e7,UTR363093091289,MERCH_004,31797.71,31797.71,2026-08-19,2026-08-20,1.0,Deterministic Match (EXACT_REF_MATCH),2026-09-03 21:03:09
1,EXACT_REF_MATCH,Deterministic Match,MATCHED,Tier 1 (Exact UTR),pay_c2a14e5cefc0,UTR461301583973,MERCH_005,40374.78,40374.78,2026-08-25,2026-08-26,1.0,Deterministic Match (EXACT_REF_MATCH),2026-09-03 21:03:09
1,EXACT_REF_MATCH,Deterministic Match,MATCHED,Tier 1 (Exact UTR),pay_e3aafd30c8bb,UTR740493876734,MERCH_001,6922.37,6922.37,2026-08-10,2026-08-14,1.0,Deterministic Match (EXACT_REF_MATCH),2026-09-03 21:03:09
1,EXACT_REF_MATCH,Deterministic Match,MATCHED,Tier 1 (Exact UTR),pay_be7f4b5a525f,UTR588290601998,MERCH_004,35435.76,35435.76,2026-08-22,2026-08-24,1.0,Deterministic Match (EXACT_REF_MATCH),2026-09-03 21:03:09
1,EXACT_REF_MATCH,Deterministic Match,MATCHED,Tier 1 (Exact UTR),pay_c7ca4afed432,UTR540939745698,MERCH_005,34047.22,34047.22,2026-08-17,2026-08-18,1.0,Deterministic Match (EXACT_REF_MATCH),2026-09-03 21:03:09
1,EXACT_REF_MATCH,Deterministic Match,MATCHED,Tier 1 (Exact UTR),pay_07e3b8c6efc3,UTR192397294858,MERCH_001,25611.92,25611.92,2026-08-08,2026-08-10,1.0,Deterministic Match (EXACT_REF_MATCH),2026-09-03 21:03:09
1,EXACT_REF_MATCH,Deterministic Match,MATCHED,Tier 1 (Exact UTR),pay_45b42abd261e,UTR973154591107,MERCH_002,2747.06,2747.06,2026-08-09,2026-08-11,1.0,Deterministic Match (EXACT_REF_MATCH),2026-09-03 21:03:09
1,EXACT_REF_MATCH,Deterministic Match,MATCHED,Tier 1 (Exact UTR),pay_1b7c4d157e1b,UTR219682287163,MERCH_005,24706.14,24706.14,2026-08-08,2026-08-09,1.0,Deterministic Match (EXACT_REF_MATCH),2026-09-03 21:03:09
1,EXACT_REF_MATCH,Deterministic Match,MATCHED,Tier 1 (Exact UTR),pay_f310a963e2f1,UTR947950769614,MERCH_001,26480.93,26480.93,2026-08-14,2026-08-16,1.0,Deterministic Match (EXACT_REF_MATCH),2026-09-03 21:03:09
1,EXACT_REF_MATCH,Deterministic Match,MATCHED,Tier 1 (Exact UTR),pay_edb102d58115,UTR96101663070,MERCH_003,39070.49,39070.49,2026-08-05,2026-08-06,1.0,Deterministic Match (EXACT_REF_MATCH),2026-09-03 21:03:09
1,EXACT_REF_MATCH,Deterministic Match,MATCHED,Tier 1 (Exact UTR),pay_f933d891b21b,UTR267161746725,MERCH_005,35304.21,35304.21,2026-08-11,2026-08-12,1.0,Deterministic Match (EXACT_REF_MATCH),2026-09-03 21:03:09
1,EXACT_REF_MATCH,Deterministic Match,MATCHED,Tier 1 (Exact UTR),pay_261690546536,UTR141007902047,MERCH_004,8779.1,8779.1,2026-08-28,2026-08-30,1.0,Deterministic Match (EXACT_REF_MATCH),2026-09-03 21:03:09
1,EXACT_REF_MATCH,Deterministic Match,MATCHED,Tier 1 (Exact UTR),pay_6d20114e2149,UTR541524043616,MERCH_004,2328.47,2328.47,2026-08-24,2026-08-25,1.0,Deterministic Match (EXACT_REF_MATCH),2026-09-03 21:03:09
1,EXACT_REF_MATCH,Deterministic Match,MATCHED,Tier 1 (Exact UTR),pay_b252766754b4,UTR920299593274,MERCH_004,31984.69,31984.69,2026-08-19,2026-08-21,1.0,Deterministic Match (EXACT_REF_MATCH),2026-09-03 21:03:09
1,EXACT_REF_MATCH,Deterministic Match,MATCHED,Tier 1 (Exact UTR),pay_56bdfd8a4fd8,UTR908328217132,MERCH_005,18399.95,18399.95,2026-08-12,2026-08-13,1.0,Deterministic Match (EXACT_REF_MATCH),2026-09-03 21:03:09
1,EXACT_REF_MATCH,Deterministic Match,MATCHED,Tier 1 (Exact UTR),pay_cdd4b48cae80,UTR178166141606,MERCH_005,34002.0,34002.0,2026-08-21,2026-08-23,1.0,Deterministic Match (EXACT_REF_MATCH),2026-09-03 21:03:09
1,EXACT_REF_MATCH,Deterministic Match,MATCHED,Tier 1 (Exact UTR),pay_8874908c2e30,UTR627246139616,MERCH_002,24700.24,24700.24,2026-08-14,2026-08-15,1.0,Deterministic Match (EXACT_REF_MATCH),2026-09-03 21:03:09
1,EXACT_REF_MATCH,Deterministic Match,MATCHED,Tier 1 (Exact UTR),pay_c7641fc6b2f0,UTR497715531572,MERCH_001,12678.96,12678.96,2026-08-08,2026-08-14,1.0,Deterministic Match (EXACT_REF_MATCH),2026-09-03 21:03:09
1,EXACT_REF_MATCH,Deterministic Match,MATCHED,Tier 1 (Exact UTR),pay_bf83af723533,UTR668633537069,MERCH_003,43478.85,43478.85,2026-08-28,2026-09-03,1.0,Deterministic Match (EXACT_REF_MATCH),2026-09-03 21:03:09
1,EXACT_REF_MATCH,Deterministic Match,MATCHED,Tier 1 (Exact UTR),pay_e9650443a77b,UTR47862577934,MERCH_005,42093.32,42093.32,2026-08-27,2026-08-28,1.0,Deterministic Match (EXACT_REF_MATCH),2026-09-03 21:03:09
1,EXACT_REF_MATCH,Deterministic Match,MATCHED,Tier 1 (Exact UTR),pay_e56dc9aa7f48,UTR116365738851,MERCH_004,38547.28,38547.28,2026-08-28,2026-08-30,1.0,Deterministic Match (EXACT_REF_MATCH),2026-09-03 21:03:09
1,EXACT_REF_MATCH,Deterministic Match,MATCHED,Tier 1 (Exact UTR),pay_5eeca323dfd1,UTR174967907763,MERCH_002,35622.68,35622.68,2026-08-24,2026-08-26,1.0,Deterministic Match (EXACT_REF_MATCH),2026-09-03 21:03:09
1,EXACT_REF_MATCH,Deterministic Match,MATCHED,Tier 1 (Exact UTR),pay_5175d63b1dda,UTR510279880438,MERCH_005,17405.01,17405.01,2026-08-29,2026-08-31,1.0,Deterministic Match (EXACT_REF_MATCH),2026-09-03 21:03:09
1,EXACT_REF_MATCH,Deterministic Match,MATCHED,Tier 1 (Exact UTR),pay_34e7f3e0f2cb,UTR743421835319,MERCH_002,8027.95,8027.95,2026-08-27,2026-08-29,1.0,Deterministic Match (EXACT_REF_MATCH),2026-09-03 21:03:09
1,EXACT_REF_MATCH,Deterministic Match,MATCHED,Tier 1 (Exact UTR),pay_524799a47317,UTR17283766191,MERCH_001,36612.49,36612.49,2026-08-20,2026-08-22,1.0,Deterministic Match (EXACT_REF_MATCH),2026-09-03 21:03:09
1,EXACT_REF_MATCH,Deterministic Match,MATCHED,Tier 1 (Exact UTR),pay_51a77f9528d8,UTR365053418743,MERCH_005,23658.22,23658.22,2026-08-18,2026-08-19,1.0,Deterministic Match (EXACT_REF_MATCH),2026-09-03 21:03:09
1,EXACT_REF_MATCH,Deterministic Match,MATCHED,Tier 1 (Exact UTR),pay_5e678d7c3c53,UTR516028846561,MERCH_003,26402.69,26402.69,2026-08-22,2026-08-24,1.0,Deterministic Match (EXACT_REF_MATCH),2026-09-03 21:03:09
1,EXACT_REF_MATCH,Deterministic Match,MATCHED,Tier 1 (Exact UTR),pay_5f325b4cf603,UTR558041827796,MERCH_001,7512.69,7512.69,2026-08-13,2026-08-14,1.0,Deterministic Match (EXACT_REF_MATCH),2026-09-03 21:03:09
1,EXACT_REF_MATCH,Deterministic Match,MATCHED,Tier 1 (Exact UTR),pay_79e0df254ebd,UTR499525856107,MERCH_002,16267.08,16267.08,2026-08-28,2026-08-30,1.0,Deterministic Match (EXACT_REF_MATCH),2026-09-03 21:03:09
1,EXACT_REF_MATCH,Deterministic Match,MATCHED,Tier 1 (Exact UTR),pay_1babd544f941,UTR59420311541,MERCH_001,44065.87,44065.87,2026-08-05,2026-08-07,1.0,Deterministic Match (EXACT_REF_MATCH),2026-09-03 21:03:09
1,EXACT_REF_MATCH,Deterministic Match,MATCHED,Tier 1 (Exact UTR),pay_1a7e909f04ee,UTR974492118993,MERCH_002,20733.05,20733.05,2026-08-21,2026-08-22,1.0,Deterministic Match (EXACT_REF_MATCH),2026-09-03 21:03:09
1,EXACT_REF_MATCH,Deterministic Match,MATCHED,Tier 1 (Exact UTR),pay_d7e19bd99c8a,UTR720070047154,MERCH_004,9435.14,9435.14,2026-08-09,2026-08-10,1.0,Deterministic Match (EXACT_REF_MATCH),2026-09-03 21:03:09
1,EXACT_REF_MATCH,Deterministic Match,MATCHED,Tier 1 (Exact UTR),pay_d3a12a96a8c2,UTR294353308129,MERCH_002,8965.08,8965.08,2026-08-15,2026-08-17,1.0,Deterministic Match (EXACT_REF_MATCH),2026-09-03 21:03:09
1,EXACT_REF_MATCH,Deterministic Match,MATCHED,Tier 1 (Exact UTR),pay_6f74897f0a13,UTR185386535233,MERCH_001,6692.53,6692.53,2026-08-22,2026-08-24,1.0,Deterministic Match (EXACT_REF_MATCH),2026-09-03 21:03:09
1,EXACT_REF_MATCH,Deterministic Match,MATCHED,Tier 1 (Exact UTR),pay_92e7b0ef3e87,UTR459616827705,MERCH_004,35743.6,35743.6,2026-08-25,2026-08-27,1.0,Deterministic Match (EXACT_REF_MATCH),2026-09-03 21:03:09
1,EXACT_REF_MATCH,Deterministic Match,MATCHED,Tier 1 (Exact UTR),pay_aec557a477bf,UTR156628267079,MERCH_005,8677.86,8677.86,2026-08-24,2026-08-26,1.0,Deterministic Match (EXACT_REF_MATCH),2026-09-03 21:03:09
1,EXACT_REF_MATCH,Deterministic Match,MATCHED,Tier 1 (Exact UTR),pay_d07b6cb5c981,UTR7121521022,MERCH_003,13374.82,13374.82,2026-08-20,2026-08-21,1.0,Deterministic Match (EXACT_REF_MATCH),2026-09-03 21:03:09
1,EXACT_REF_MATCH,Deterministic Match,MATCHED,Tier 1 (Exact UTR),pay_bf77548b7ef4,UTR270479627143,MERCH_002,6577.25,6577.25,2026-08-20,2026-08-22,1.0,Deterministic Match (EXACT_REF_MATCH),2026-09-03 21:03:09
1,EXACT_REF_MATCH,Deterministic Match,MATCHED,Tier 1 (Exact UTR),pay_81ae8925f62f,UTR661071362689,MERCH_002,37014.81,37014.81,2026-08-28,2026-08-30,1.0,Deterministic Match (EXACT_REF_MATCH),2026-09-03 21:03:09
1,EXACT_REF_MATCH,Deterministic Match,MATCHED,Tier 1 (Exact UTR),pay_81b905264844,UTR694775165109,MERCH_001,7788.52,7788.52,2026-08-04,2026-08-05,1.0,Deterministic Match (EXACT_REF_MATCH),2026-09-03 21:03:09
1,EXACT_REF_MATCH,Deterministic Match,MATCHED,Tier 1 (Exact UTR),pay_1fdacdf7ee01,UTR617752433094,MERCH_005,6816.38,6816.38,2026-08-22,2026-08-24,1.0,Deterministic Match (EXACT_REF_MATCH),2026-09-03 21:03:09
1,EXACT_REF_MATCH,Deterministic Match,MATCHED,Tier 1 (Exact UTR),pay_189be758c00c,UTR515901877786,MERCH_003,16677.13,16677.13,2026-08-26,2026-08-28,1.0,Deterministic Match (EXACT_REF_MATCH),2026-09-03 21:03:09
1,EXACT_REF_MATCH,Deterministic Match,MATCHED,Tier 1 (Exact UTR),pay_4c1ab81eacbb,UTR510900634709,MERCH_004,1330.35,1330.35,2026-08-29,2026-09-03,1.0,Deterministic Match (EXACT_REF_MATCH),2026-09-03 21:03:09
1,EXACT_REF_MATCH,Deterministic Match,MATCHED,Tier 1 (Exact UTR),pay_4d596f154042,UTR713811663941,MERCH_001,34219.32,34219.32,2026-08-19,2026-08-21,1.0,Deterministic Match (EXACT_REF_MATCH),2026-09-03 21:03:09
1,EXACT_REF_MATCH,Deterministic Match,MATCHED,Tier 1 (Exact UTR),pay_6641312b5289,UTR932741297698,MERCH_005,29924.11,29924.11,2026-08-13,2026-08-15,1.0,Deterministic Match (EXACT_REF_MATCH),2026-09-03 21:03:09
1,EXACT_REF_MATCH,Deterministic Match,MATCHED,Tier 1 (Exact UTR),pay_acfda00db381,UTR537380668821,MERCH_002,44784.73,44784.73,2026-08-08,2026-08-10,1.0,Deterministic Match (EXACT_REF_MATCH),2026-09-03 21:03:09
1,EXACT_REF_MATCH,Deterministic Match,MATCHED,Tier 1 (Exact UTR),pay_93f7bb45ee5a,UTR390427781985,MERCH_003,36421.35,36421.35,2026-08-17,2026-08-18,1.0,Deterministic Match (EXACT_REF_MATCH),2026-09-03 21:03:09
1,EXACT_REF_MATCH,Deterministic Match,MATCHED,Tier 1 (Exact UTR),pay_33f42a90b252,UTR702924620032,MERCH_001,11213.35,11213.35,2026-08-23,2026-08-24,1.0,Deterministic Match (EXACT_REF_MATCH),2026-09-03 21:03:09
1,EXACT_REF_MATCH,Deterministic Match,MATCHED,Tier 1 (Exact UTR),pay_b0c836d8fc92,UTR823978512795,MERCH_001,7973.12,7973.12,2026-08-20,2026-08-21,1.0,Deterministic Match (EXACT_REF_MATCH),2026-09-03 21:03:09
1,EXACT_REF_MATCH,Deterministic Match,MATCHED,Tier 1 (Exact UTR),pay_e72552a6392e,UTR317921113782,MERCH_003,23704.1,23704.1,2026-08-16,2026-08-17,1.0,Deterministic Match (EXACT_REF_MATCH),2026-09-03 21:03:09
1,EXACT_REF_MATCH,Deterministic Match,MATCHED,Tier 1 (Exact UTR),pay_3f51923acf3d,UTR305982787770,MERCH_001,43855.06,43855.06,2026-08-11,2026-08-13,1.0,Deterministic Match (EXACT_REF_MATCH),2026-09-03 21:03:09
1,EXACT_REF_MATCH,Deterministic Match,MATCHED,Tier 1 (Exact UTR),pay_b3876a6fe506,UTR366178363760,MERCH_005,16814.55,16814.55,2026-08-09,2026-08-13,1.0,Deterministic Match (EXACT_REF_MATCH),2026-09-03 21:03:09
1,EXACT_REF_MATCH,Deterministic Match,MATCHED,Tier 1 (Exact UTR),pay_b41e876ba35f,UTR456991677724,MERCH_002,20695.77,20695.77,2026-08-20,2026-08-21,1.0,Deterministic Match (EXACT_REF_MATCH),2026-09-03 21:03:09
1,EXACT_REF_MATCH,Deterministic Match,MATCHED,Tier 1 (Exact UTR),pay_3c2890c1991c,UTR776293338820,MERCH_004,1982.73,1982.73,2026-08-07,2026-08-08,1.0,Deterministic Match (EXACT_REF_MATCH),2026-09-03 21:03:09
1,EXACT_REF_MATCH,Deterministic Match,MATCHED,Tier 1 (Exact UTR),pay_1791311697c4,UTR432955544115,MERCH_002,14987.05,14987.05,2026-08-24,2026-08-25,1.0,Deterministic Match (EXACT_REF_MATCH),2026-09-03 21:03:09
1,EXACT_REF_MATCH,Deterministic Match,MATCHED,Tier 1 (Exact UTR),pay_e5fc587b6976,UTR826207049182,MERCH_003,5395.25,5395.25,2026-08-21,2026-08-23,1.0,Deterministic Match (EXACT_REF_MATCH),2026-09-03 21:03:09
1,EXACT_REF_MATCH,Deterministic Match,MATCHED,Tier 1 (Exact UTR),pay_760cb02539bc,UTR38594500064,MERCH_004,20611.21,20611.21,2026-08-14,2026-08-15,1.0,Deterministic Match (EXACT_REF_MATCH),2026-09-03 21:03:09
1,EXACT_REF_MATCH,Deterministic Match,MATCHED,Tier 1 (Exact UTR),pay_2c864307d30c,UTR681775702071,MERCH_005,6557.73,6557.73,2026-08-27,2026-08-29,1.0,Deterministic Match (EXACT_REF_MATCH),2026-09-03 21:03:09
1,EXACT_REF_MATCH,Deterministic Match,MATCHED,Tier 1 (Exact UTR),pay_f8189273e6fd,UTR449078455419,MERCH_001,16252.19,16252.19,2026-08-14,2026-08-16,1.0,Deterministic Match (EXACT_REF_MATCH),2026-09-03 21:03:09
1,EXACT_REF_MATCH,Deterministic Match,MATCHED,Tier 1 (Exact UTR),pay_2a2d2b2b224e,UTR626242922722,MERCH_003,36542.95,36542.95,2026-08-06,2026-08-08,1.0,Deterministic Match (EXACT_REF_MATCH),2026-09-03 21:03:09
1,EXACT_REF_MATCH,Deterministic Match,MATCHED,Tier 1 (Exact UTR),pay_7f7bf3c69432,UTR226978083676,MERCH_001,3857.82,3857.82,2026-08-05,2026-08-12,1.0,Deterministic Match (EXACT_REF_MATCH),2026-09-03 21:03:09
1,EXACT_REF_MATCH,Deterministic Match,MATCHED,Tier 1 (Exact UTR),pay_37fa3c2c0061,UTR769420791042,MERCH_001,8224.04,8224.04,2026-08-04,2026-08-11,1.0,Deterministic Match (EXACT_REF_MATCH),2026-09-03 21:03:09
1,EXACT_REF_MATCH,Deterministic Match,MATCHED,Tier 1 (Exact UTR),pay_9675e1429066,UTR747780147839,MERCH_004,19783.8,19783.8,2026-08-29,2026-08-31,1.0,Deterministic Match (EXACT_REF_MATCH),2026-09-03 21:03:09
1,EXACT_REF_MATCH,Deterministic Match,MATCHED,Tier 1 (Exact UTR),pay_6a130d94c556,UTR188156114685,MERCH_001,15736.72,15736.72,2026-08-14,2026-08-15,1.0,Deterministic Match (EXACT_REF_MATCH),2026-09-03 21:03:09
1,EXACT_REF_MATCH,Deterministic Match,MATCHED,Tier 1 (Exact UTR),pay_381363da5ad4,UTR145142719570,MERCH_001,24940.75,24940.75,2026-08-23,2026-08-25,1.0,Deterministic Match (EXACT_REF_MATCH),2026-09-03 21:03:09
1,EXACT_REF_MATCH,Deterministic Match,MATCHED,Tier 1 (Exact UTR),pay_caf8fd005162,UTR296229027091,MERCH_005,10087.16,10087.16,2026-08-26,2026-08-28,1.0,Deterministic Match (EXACT_REF_MATCH),2026-09-03 21:03:09
1,EXACT_REF_MATCH,Deterministic Match,MATCHED,Tier 1 (Exact UTR),pay_efdf984ff763,UTR209777978447,MERCH_004,32712.8,32712.8,2026-08-04,2026-08-06,1.0,Deterministic Match (EXACT_REF_MATCH),2026-09-03 21:03:09
1,EXACT_REF_MATCH,Deterministic Match,MATCHED,Tier 1 (Exact UTR),pay_e125a888cb32,UTR968805113062,MERCH_002,40972.47,40972.47,2026-08-19,2026-08-21,1.0,Deterministic Match (EXACT_REF_MATCH),2026-09-03 21:03:09
1,EXACT_REF_MATCH,Deterministic Match,MATCHED,Tier 1 (Exact UTR),pay_d76c254fc066,UTR532257636901,MERCH_002,1470.19,1470.19,2026-08-06,2026-08-08,1.0,Deterministic Match (EXACT_REF_MATCH),2026-09-03 21:03:09
1,EXACT_REF_MATCH,Deterministic Match,MATCHED,Tier 1 (Exact UTR),pay_b8ae40f6583b,UTR424850950205,MERCH_002,1828.83,1828.83,2026-08-06,2026-08-10,1.0,Deterministic Match (EXACT_REF_MATCH),2026-09-03 21:03:09
1,EXACT_REF_MATCH,Deterministic Match,MATCHED,Tier 1 (Exact UTR),pay_54fae8fa59a0,UTR748189281033,MERCH_002,6369.16,6369.16,2026-08-27,2026-08-28,1.0,Deterministic Match (EXACT_REF_MATCH),2026-09-03 21:03:09
1,EXACT_REF_MATCH,Deterministic Match,MATCHED,Tier 1 (Exact UTR),pay_8e16b07e29ae,UTR326602302403,MERCH_003,11575.88,11575.88,2026-08-23,2026-08-25,1.0,Deterministic Match (EXACT_REF_MATCH),2026-09-03 21:03:09
1,EXACT_REF_MATCH,Deterministic Match,MATCHED,Tier 1 (Exact UTR),pay_30488bad5c11,UTR443704006006,MERCH_003,14088.84,14088.84,2026-08-10,2026-08-12,1.0,Deterministic Match (EXACT_REF_MATCH),2026-09-03 21:03:09
1,EXACT_REF_MATCH,Deterministic Match,MATCHED,Tier 1 (Exact UTR),pay_1694e340ceb4,UTR319277541555,MERCH_001,8453.81,8453.81,2026-08-08,2026-08-10,1.0,Deterministic Match (EXACT_REF_MATCH),2026-09-03 21:03:09
1,EXACT_REF_MATCH,Deterministic Match,MATCHED,Tier 1 (Exact UTR),pay_2195b1cf0351,UTR90166038703,MERCH_003,40892.38,40892.38,2026-08-23,2026-08-28,1.0,Deterministic Match (EXACT_REF_MATCH),2026-09-03 21:03:09
1,EXACT_REF_MATCH,Deterministic Match,MATCHED,Tier 1 (Exact UTR),pay_86ff57d41a1d,UTR573630544891,MERCH_004,36968.23,36968.23,2026-08-13,2026-08-15,1.0,Deterministic Match (EXACT_REF_MATCH),2026-09-03 21:03:09
1,EXACT_REF_MATCH,Deterministic Match,MATCHED,Tier 1 (Exact UTR),pay_37b1a42ac051,UTR272367647940,MERCH_004,3311.0,3311.0,2026-08-25,2026-08-27,1.0,Deterministic Match (EXACT_REF_MATCH),2026-09-03 21:03:09
1,EXACT_REF_MATCH,Deterministic Match,MATCHED,Tier 1 (Exact UTR),pay_d974c909bf3c,UTR130131322214,MERCH_001,33237.47,33237.47,2026-08-23,2026-08-24,1.0,Deterministic Match (EXACT_REF_MATCH),2026-09-03 21:03:09
1,EXACT_REF_MATCH,Deterministic Match,MATCHED,Tier 1 (Exact UTR),pay_324ae5d4ef62,UTR614197560190,MERCH_004,4773.82,4773.82,2026-08-04,2026-08-05,1.0,Deterministic Match (EXACT_REF_MATCH),2026-09-03 21:03:09
1,EXACT_REF_MATCH,Deterministic Match,MATCHED,Tier 1 (Exact UTR),pay_c8430c9b8e26,UTR377664545761,MERCH_003,3365.7,3365.7,2026-08-14,2026-08-15,1.0,Deterministic Match (EXACT_REF_MATCH),2026-09-03 21:03:09
1,EXACT_REF_MATCH,Deterministic Match,MATCHED,Tier 1 (Exact UTR),pay_278f7a3101bd,UTR64978299640,MERCH_002,40591.24,40591.24,2026-08-20,2026-08-21,1.0,Deterministic Match (EXACT_REF_MATCH),2026-09-03 21:03:09
1,EXACT_REF_MATCH,Deterministic Match,MATCHED,Tier 1 (Exact UTR),pay_afac245574c8,UTR146922452286,MERCH_004,28543.7,28543.7,2026-08-26,2026-09-02,1.0,Deterministic Match (EXACT_REF_MATCH),2026-09-03 21:03:09
1,EXACT_REF_MATCH,Deterministic Match,MATCHED,Tier 1 (Exact UTR),pay_588c55fe29cd,UTR914500768994,MERCH_001,41194.95,41194.95,2026-08-26,2026-08-27,1.0,Deterministic Match (EXACT_REF_MATCH),2026-09-03 21:03:09
1,EXACT_REF_MATCH,Deterministic Match,MATCHED,Tier 1 (Exact UTR),pay_333711a9aeb9,UTR651255996665,MERCH_002,36376.65,36376.65,2026-08-23,2026-08-25,1.0,Deterministic Match (EXACT_REF_MATCH),2026-09-03 21:03:09
1,EXACT_REF_MATCH,Deterministic Match,MATCHED,Tier 1 (Exact UTR),pay_da4077ab6f4c,UTR672817314008,MERCH_003,38168.09,38168.09,2026-08-23,2026-08-24,1.0,Deterministic Match (EXACT_REF_MATCH),2026-09-03 21:03:09
1,EXACT_REF_MATCH,Deterministic Match,MATCHED,Tier 1 (Exact UTR),pay_34bda599dd99,UTR362621267511,MERCH_001,20480.57,20480.57,2026-08-13,2026-08-15,1.0,Deterministic Match (EXACT_REF_MATCH),2026-09-03 21:03:09
1,EXACT_REF_MATCH,Deterministic Match,MATCHED,Tier 1 (Exact UTR),pay_012d45f772a5,UTR159209503416,MERCH_005,26234.53,26234.53,2026-08-24,2026-08-26,1.0,Deterministic Match (EXACT_REF_MATCH),2026-09-03 21:03:09
1,EXACT_REF_MATCH,Deterministic Match,MATCHED,Tier 1 (Exact UTR),pay_73a89843fb85,UTR219449882041,MERCH_003,41149.1,41149.1,2026-08-15,2026-08-16,1.0,Deterministic Match (EXACT_REF_MATCH),2026-09-03 21:03:09
1,EXACT_REF_MATCH,Deterministic Match,MATCHED,Tier 1 (Exact UTR),pay_6e6e2bdeb806,UTR1197305185,MERCH_001,36613.17,36613.17,2026-08-09,2026-08-11,1.0,Deterministic Match (EXACT_REF_MATCH),2026-09-03 21:03:09
1,EXACT_REF_MATCH,Deterministic Match,MATCHED,Tier 1 (Exact UTR),pay_1fd7b6904d9f,UTR21531575274,MERCH_002,14304.26,14304.26,2026-08-15,2026-08-16,1.0,Deterministic Match (EXACT_REF_MATCH),2026-09-03 21:03:09
1,EXACT_REF_MATCH,Deterministic Match,MATCHED,Tier 1 (Exact UTR),pay_f00f6d904f16,UTR173880878849,MERCH_002,15963.58,15963.58,2026-08-06,2026-08-07,1.0,Deterministic Match (EXACT_REF_MATCH),2026-09-03 21:03:09
1,EXACT_REF_MATCH,Deterministic Match,MATCHED,Tier 1 (Exact UTR),pay_08f4abad6bbd,UTR822719368542,MERCH_005,1275.31,1275.31,2026-08-26,2026-08-28,1.0,Deterministic Match (EXACT_REF_MATCH),2026-09-03 21:03:09
1,EXACT_REF_MATCH,Deterministic Match,MATCHED,Tier 1 (Exact UTR),pay_94d13e6b7204,UTR140264022845,MERCH_003,23776.12,23776.12,2026-08-10,2026-08-11,1.0,Deterministic Match (EXACT_REF_MATCH),2026-09-03 21:03:09
1,EXACT_REF_MATCH,Deterministic Match,MATCHED,Tier 1 (Exact UTR),pay_31bf6dc9a781,UTR743958516531,MERCH_002,15456.56,15456.56,2026-08-12,2026-08-14,1.0,Deterministic Match (EXACT_REF_MATCH),2026-09-03 21:03:09
1,EXACT_REF_MATCH,Deterministic Match,MATCHED,Tier 1 (Exact UTR),pay_018a1d529709,UTR45886529627,MERCH_001,39881.76,39881.76,2026-08-11,2026-08-13,1.0,Deterministic Match (EXACT_REF_MATCH),2026-09-03 21:03:09
1,EXACT_REF_MATCH,Deterministic Match,MATCHED,Tier 1 (Exact UTR),pay_cf97d97270a4,UTR750885365186,MERCH_001,16673.46,16673.46,2026-08-23,2026-08-25,1.0,Deterministic Match (EXACT_REF_MATCH),2026-09-03 21:03:09
1,EXACT_REF_MATCH,Deterministic Match,MATCHED,Tier 1 (Exact UTR),pay_ed4c237fca12,UTR945784402832,MERCH_002,43925.24,43925.24,2026-08-11,2026-08-12,1.0,Deterministic Match (EXACT_REF_MATCH),2026-09-03 21:03:09
1,EXACT_REF_MATCH,Deterministic Match,MATCHED,Tier 1 (Exact UTR),pay_ed19a09751f9,UTR613902082303,MERCH_003,6865.72,6865.72,2026-08-25,2026-08-26,1.0,Deterministic Match (EXACT_REF_MATCH),2026-09-03 21:03:09
1,EXACT_REF_MATCH,Deterministic Match,MATCHED,Tier 1 (Exact UTR),pay_d11b29de11ec,UTR81650946274,MERCH_005,41896.68,41896.68,2026-08-25,2026-08-27,1.0,Deterministic Match (EXACT_REF_MATCH),2026-09-03 21:03:09
1,EXACT_REF_MATCH,Deterministic Match,MATCHED,Tier 1 (Exact UTR),pay_c85792c53dc5,UTR643786598999,MERCH_002,23218.21,23218.21,2026-08-07,2026-08-09,1.0,Deterministic Match (EXACT_REF_MATCH),2026-09-03 21:03:09
1,EXACT_REF_MATCH,Deterministic Match,MATCHED,Tier 1 (Exact UTR),pay_99ac475a4bae,UTR112426181,MERCH_004,8680.81,8680.81,2026-08-11,2026-08-13,1.0,Deterministic Match (EXACT_REF_MATCH),2026-09-03 21:03:09
1,EXACT_REF_MATCH,Deterministic Match,MATCHED,Tier 1 (Exact UTR),pay_34214c4dccd4,UTR569980894408,MERCH_001,41739.51,41739.51,2026-08-08,2026-08-10,1.0,Deterministic Match (EXACT_REF_MATCH),2026-09-03 21:03:09
1,EXACT_REF_MATCH,Deterministic Match,MATCHED,Tier 1 (Exact UTR),pay_6863cc4e46ac,UTR982822421599,MERCH_003,27238.14,27238.14,2026-08-27,2026-08-28,1.0,Deterministic Match (EXACT_REF_MATCH),2026-09-03 21:03:09
1,EXACT_REF_MATCH,Deterministic Match,MATCHED,Tier 1 (Exact UTR),pay_b304db4790f7,UTR417721986674,MERCH_002,43530.8,43530.8,2026-08-25,2026-08-27,1.0,Deterministic Match (EXACT_REF_MATCH),2026-09-03 21:03:09
1,EXACT_REF_MATCH,Deterministic Match,MATCHED,Tier 1 (Exact UTR),pay_e4341dc2ce91,UTR935364831572,MERCH_005,7569.59,7569.59,2026-08-08,2026-08-09,1.0,Deterministic Match (EXACT_REF_MATCH),2026-09-03 21:03:09
1,EXACT_REF_MATCH,Deterministic Match,MATCHED,Tier 1 (Exact UTR),pay_faa39720a96d,UTR887113449531,MERCH_001,42159.5,42159.5,2026-08-09,2026-08-10,1.0,Deterministic Match (EXACT_REF_MATCH),2026-09-03 21:03:09
1,EXACT_REF_MATCH,Deterministic Match,MATCHED,Tier 1 (Exact UTR),pay_eb6f77ab7fe1,UTR220771366596,MERCH_005,39951.29,39951.29,2026-08-20,2026-08-22,1.0,Deterministic Match (EXACT_REF_MATCH),2026-09-03 21:03:09
1,EXACT_REF_MATCH,Deterministic Match,MATCHED,Tier 1 (Exact UTR),pay_7b157b664987,UTR794644057836,MERCH_004,7032.44,7032.44,2026-08-18,2026-08-20,1.0,Deterministic Match (EXACT_REF_MATCH),2026-09-03 21:03:09
1,EXACT_REF_MATCH,Deterministic Match,MATCHED,Tier 1 (Exact UTR),pay_70caa3f77217,UTR590884559658,MERCH_004,8688.8,8688.8,2026-08-15,2026-08-17,1.0,Deterministic Match (EXACT_REF_MATCH),2026-09-03 21:03:09
1,EXACT_REF_MATCH,Deterministic Match,MATCHED,Tier 1 (Exact UTR),pay_e42b1539548f,UTR632432434077,MERCH_001,29633.51,29633.51,2026-08-11,2026-08-12,1.0,Deterministic Match (EXACT_REF_MATCH),2026-09-03 21:03:09
1,EXACT_REF_MATCH,Deterministic Match,MATCHED,Tier 1 (Exact UTR),pay_b3065a7e0241,UTR126210153010,MERCH_002,2779.31,2779.31,2026-08-12,2026-08-19,1.0,Deterministic Match (EXACT_REF_MATCH),2026-09-03 21:03:09
1,EXACT_REF_MATCH,Deterministic Match,MATCHED,Tier 1 (Exact UTR),pay_a97f13533826,UTR397557628014,MERCH_002,38200.96,38200.96,2026-08-20,2026-08-22,1.0,Deterministic Match (EXACT_REF_MATCH),2026-09-03 21:03:09
1,EXACT_REF_MATCH,Deterministic Match,MATCHED,Tier 1 (Exact UTR),pay_14a26d0af4d1,UTR747210271972,MERCH_004,23361.23,23361.23,2026-08-22,2026-08-23,1.0,Deterministic Match (EXACT_REF_MATCH),2026-09-03 21:03:09
1,EXACT_REF_MATCH,Deterministic Match,MATCHED,Tier 1 (Exact UTR),pay_fde9b23601f3,UTR151217594176,MERCH_004,19238.86,19238.86,2026-08-28,2026-08-30,1.0,Deterministic Match (EXACT_REF_MATCH),2026-09-03 21:03:09
1,EXACT_REF_MATCH,Deterministic Match,MATCHED,Tier 1 (Exact UTR),pay_fe29383a37e2,UTR366178635607,MERCH_003,10185.35,10185.35,2026-08-20,2026-08-21,1.0,Deterministic Match (EXACT_REF_MATCH),2026-09-03 21:03:09
1,EXACT_REF_MATCH,Deterministic Match,MATCHED,Tier 1 (Exact UTR),pay_46e83debd2fb,UTR494312302589,MERCH_004,15527.51,15527.51,2026-08-09,2026-08-10,1.0,Deterministic Match (EXACT_REF_MATCH),2026-09-03 21:03:09
1,EXACT_REF_MATCH,Deterministic Match,MATCHED,Tier 1 (Exact UTR),pay_a371f8a75134,UTR87056718484,MERCH_002,22795.32,22795.32,2026-08-18,2026-08-19,1.0,Deterministic Match (EXACT_REF_MATCH),2026-09-03 21:03:09
1,EXACT_REF_MATCH,Deterministic Match,MATCHED,Tier 1 (Exact UTR),pay_c0c0bfeb7656,UTR281434321885,MERCH_004,37957.21,37957.21,2026-08-10,2026-08-11,1.0,Deterministic Match (EXACT_REF_MATCH),2026-09-03 21:03:09
1,EXACT_REF_MATCH,Deterministic Match,MATCHED,Tier 1 (Exact UTR),pay_df50c886b472,UTR620547601455,MERCH_005,9252.27,9252.27,2026-08-22,2026-08-24,1.0,Deterministic Match (EXACT_REF_MATCH),2026-09-03 21:03:09
1,EXACT_REF_MATCH,Deterministic Match,MATCHED,Tier 1 (Exact UTR),pay_82ce62bdc205,UTR348252732735,MERCH_002,8322.18,8322.18,2026-08-09,2026-08-11,1.0,Deterministic Match (EXACT_REF_MATCH),2026-09-03 21:03:09
1,EXACT_REF_MATCH,Deterministic Match,MATCHED,Tier 1 (Exact UTR),pay_c15f3f13c571,UTR712078746380,MERCH_005,7187.09,7187.09,2026-08-23,2026-08-25,1.0,Deterministic Match (EXACT_REF_MATCH),2026-09-03 21:03:09
1,EXACT_REF_MATCH,Deterministic Match,MATCHED,Tier 1 (Exact UTR),pay_0fb3ad59b705,UTR673380716570,MERCH_003,35003.37,35003.37,2026-08-04,2026-08-06,1.0,Deterministic Match (EXACT_REF_MATCH),2026-09-03 21:03:09
1,EXACT_REF_MATCH,Deterministic Match,MATCHED,Tier 1 (Exact UTR),pay_99a037f1d683,UTR142320762044,MERCH_005,8372.51,8372.51,2026-08-21,2026-08-23,1.0,Deterministic Match (EXACT_REF_MATCH),2026-09-03 21:03:09
1,EXACT_REF_MATCH,Deterministic Match,MATCHED,Tier 1 (Exact UTR),pay_28677394c6fa,UTR385854814224,MERCH_005,37560.46,37560.46,2026-08-26,2026-08-28,1.0,Deterministic Match (EXACT_REF_MATCH),2026-09-03 21:03:09
1,EXACT_REF_MATCH,Deterministic Match,MATCHED,Tier 1 (Exact UTR),pay_04b34bfb7081,UTR2776362319,MERCH_003,43597.84,43597.84,2026-08-24,2026-08-26,1.0,Deterministic Match (EXACT_REF_MATCH),2026-09-03 21:03:09
1,EXACT_REF_MATCH,Deterministic Match,MATCHED,Tier 1 (Exact UTR),pay_70fa2e4b054d,UTR309812336270,MERCH_001,38595.86,38595.86,2026-08-29,2026-08-30,1.0,Deterministic Match (EXACT_REF_MATCH),2026-09-03 21:03:09
1,EXACT_REF_MATCH,Deterministic Match,MATCHED,Tier 1 (Exact UTR),pay_96aeb118bbcd,UTR286912921873,MERCH_002,15703.81,15703.81,2026-08-10,2026-08-11,1.0,Deterministic Match (EXACT_REF_MATCH),2026-09-03 21:03:09
1,EXACT_REF_MATCH,Deterministic Match,MATCHED,Tier 1 (Exact UTR),pay_c9509e38ceea,UTR445946375190,MERCH_004,12725.49,12725.49,2026-08-19,2026-08-20,1.0,Deterministic Match (EXACT_REF_MATCH),2026-09-03 21:03:09
1,EXACT_REF_MATCH,Deterministic Match,MATCHED,Tier 1 (Exact UTR),pay_bca18d0520b5,UTR908225988898,MERCH_003,27338.06,27338.06,2026-08-11,2026-08-13,1.0,Deterministic Match (EXACT_REF_MATCH),2026-09-03 21:03:09
1,EXACT_REF_MATCH,Deterministic Match,MATCHED,Tier 1 (Exact UTR),pay_f11d51438b92,UTR701462833625,MERCH_001,3954.86,3954.86,2026-08-06,2026-08-08,1.0,Deterministic Match (EXACT_REF_MATCH),2026-09-03 21:03:09
1,EXACT_REF_MATCH,Deterministic Match,MATCHED,Tier 1 (Exact UTR),pay_db18b95e36a6,UTR513624182270,MERCH_004,16950.59,16950.59,2026-08-08,2026-08-10,1.0,Deterministic Match (EXACT_REF_MATCH),2026-09-03 21:03:09
1,EXACT_REF_MATCH,Deterministic Match,MATCHED,Tier 1 (Exact UTR),pay_c683ae9d8720,UTR758888909261,MERCH_002,13339.56,13339.56,2026-08-29,2026-08-30,1.0,Deterministic Match (EXACT_REF_MATCH),2026-09-03 21:03:09
1,EXACT_REF_MATCH,Deterministic Match,MATCHED,Tier 1 (Exact UTR),pay_bfdc367ba7f5,UTR741127410106,MERCH_001,19903.29,19903.29,2026-08-15,2026-08-16,1.0,Deterministic Match (EXACT_REF_MATCH),2026-09-03 21:03:09
1,EXACT_REF_MATCH,Deterministic Match,MATCHED,Tier 1 (Exact UTR),pay_1dfd2b68ed74,UTR451201088389,MERCH_005,28654.04,28654.04,2026-08-24,2026-08-26,1.0,Deterministic Match (EXACT_REF_MATCH),2026-09-03 21:03:09
1,EXACT_REF_MATCH,Deterministic Match,MATCHED,Tier 1 (Exact UTR),pay_0fe02cc84f56,UTR418683505554,MERCH_005,16058.83,16058.83,2026-08-14,2026-08-15,1.0,Deterministic Match (EXACT_REF_MATCH),2026-09-03 21:03:09
1,EXACT_REF_MATCH,Deterministic Match,MATCHED,Tier 1 (Exact UTR),pay_9056b4534d03,UTR909199051116,MERCH_002,19585.1,19585.1,2026-08-11,2026-08-13,1.0,Deterministic Match (EXACT_REF_MATCH),2026-09-03 21:03:09
1,EXACT_REF_MATCH,Deterministic Match,MATCHED,Tier 1 (Exact UTR),pay_a0ac0eaaf894,UTR940242746054,MERCH_002,3137.55,3137.55,2026-08-23,2026-08-25,1.0,Deterministic Match (EXACT_REF_MATCH),2026-09-03 21:03:09
1,EXACT_REF_MATCH,Deterministic Match,MATCHED,Tier 1 (Exact UTR),pay_40b84251abcf,UTR276017709874,MERCH_003,27937.18,27937.18,2026-08-26,2026-08-27,1.0,Deterministic Match (EXACT_REF_MATCH),2026-09-03 21:03:09
1,EXACT_REF_MATCH,Deterministic Match,MATCHED,Tier 1 (Exact UTR),pay_81babbe185d9,UTR621832793167,MERCH_005,33825.15,33825.15,2026-08-05,2026-08-07,1.0,Deterministic Match (EXACT_REF_MATCH),2026-09-03 21:03:09
1,EXACT_REF_MATCH,Deterministic Match,MATCHED,Tier 1 (Exact UTR),pay_cb902d7eed5c,UTR186049398659,MERCH_004,39663.81,39663.81,2026-08-08,2026-08-09,1.0,Deterministic Match (EXACT_REF_MATCH),2026-09-03 21:03:09
1,EXACT_REF_MATCH,Deterministic Match,MATCHED,Tier 1 (Exact UTR),pay_40edb088c7d3,UTR349625882735,MERCH_003,7367.87,7367.87,2026-08-14,2026-08-16,1.0,Deterministic Match (EXACT_REF_MATCH),2026-09-03 21:03:09
1,EXACT_REF_MATCH,Deterministic Match,MATCHED,Tier 1 (Exact UTR),pay_99fe9803b157,UTR965557643705,MERCH_001,37266.87,37266.87,2026-08-14,2026-08-15,1.0,Deterministic Match (EXACT_REF_MATCH),2026-09-03 21:03:09
1,EXACT_REF_MATCH,Deterministic Match,MATCHED,Tier 1 (Exact UTR),pay_186094420e7c,UTR914359795823,MERCH_005,6372.89,6372.89,2026-08-28,2026-08-30,1.0,Deterministic Match (EXACT_REF_MATCH),2026-09-03 21:03:09
1,EXACT_REF_MATCH,Deterministic Match,MATCHED,Tier 1 (Exact UTR),pay_e5671a4e2dc2,UTR816003601580,MERCH_004,41489.88,41489.88,2026-08-06,2026-08-08,1.0,Deterministic Match (EXACT_REF_MATCH),2026-09-03 21:03:09
1,EXACT_REF_MATCH,Deterministic Match,MATCHED,Tier 1 (Exact UTR),pay_1ab03417dd8d,UTR916954068859,MERCH_003,7611.33,7611.33,2026-08-08,2026-08-10,1.0,Deterministic Match (EXACT_REF_MATCH),2026-09-03 21:03:09
1,EXACT_REF_MATCH,Deterministic Match,MATCHED,Tier 1 (Exact UTR),pay_7a59265b6f37,UTR567008631659,MERCH_002,30328.03,30328.03,2026-08-18,2026-08-20,1.0,Deterministic Match (EXACT_REF_MATCH),2026-09-03 21:03:09
1,EXACT_REF_MATCH,Deterministic Match,MATCHED,Tier 1 (Exact UTR),pay_c0c8c6783148,UTR123065354967,MERCH_002,34409.23,34409.23,2026-08-04,2026-08-05,1.0,Deterministic Match (EXACT_REF_MATCH),2026-09-03 21:03:09
1,EXACT_REF_MATCH,Deterministic Match,MATCHED,Tier 1 (Exact UTR),pay_c8de647837b8,UTR939267503079,MERCH_001,20754.34,20754.34,2026-08-28,2026-08-29,1.0,Deterministic Match (EXACT_REF_MATCH),2026-09-03 21:03:09
1,EXACT_REF_MATCH,Deterministic Match,MATCHED,Tier 1 (Exact UTR),pay_e3afafb6254b,UTR246457735835,MERCH_001,12686.16,12686.16,2026-08-04,2026-08-06,1.0,Deterministic Match (EXACT_REF_MATCH),2026-09-03 21:03:09
1,EXACT_REF_MATCH,Deterministic Match,MATCHED,Tier 1 (Exact UTR),pay_16249ae11c07,UTR951753436581,MERCH_004,14032.63,14032.63,2026-08-16,2026-08-17,1.0,Deterministic Match (EXACT_REF_MATCH),2026-09-03 21:03:09
1,EXACT_REF_MATCH,Deterministic Match,MATCHED,Tier 1 (Exact UTR),pay_6103e6997c1c,UTR936084505422,MERCH_005,22836.06,22836.06,2026-08-05,2026-08-06,1.0,Deterministic Match (EXACT_REF_MATCH),2026-09-03 21:03:09
1,EXACT_REF_MATCH,Deterministic Match,MATCHED,Tier 1 (Exact UTR),pay_360d6b89ea2c,UTR586767793844,MERCH_005,8456.61,8456.61,2026-08-08,2026-08-09,1.0,Deterministic Match (EXACT_REF_MATCH),2026-09-03 21:03:09
1,EXACT_REF_MATCH,Deterministic Match,MATCHED,Tier 1 (Exact UTR),pay_3c754dd290d2,UTR9265892220,MERCH_005,31259.83,31259.83,2026-08-28,2026-08-29,1.0,Deterministic Match (EXACT_REF_MATCH),2026-09-03 21:03:09
1,EXACT_REF_MATCH,Deterministic Match,MATCHED,Tier 1 (Exact UTR),pay_d1a93d14ec6b,UTR510300743544,MERCH_003,5264.07,5264.07,2026-08-17,2026-08-19,1.0,Deterministic Match (EXACT_REF_MATCH),2026-09-03 21:03:09
1,EXACT_REF_MATCH,Deterministic Match,MATCHED,Tier 1 (Exact UTR),pay_9a7c7e63a48d,UTR373291941754,MERCH_005,31821.77,31821.77,2026-08-22,2026-08-23,1.0,Deterministic Match (EXACT_REF_MATCH),2026-09-03 21:03:09
1,EXACT_REF_MATCH,Deterministic Match,MATCHED,Tier 1 (Exact UTR),pay_e5c7dd0ac0f9,UTR382062657342,MERCH_005,37422.35,37422.35,2026-08-13,2026-08-14,1.0,Deterministic Match (EXACT_REF_MATCH),2026-09-03 21:03:09
1,EXACT_REF_MATCH,Deterministic Match,MATCHED,Tier 1 (Exact UTR),pay_201f8cf117c2,UTR670090099354,MERCH_002,32680.98,32680.98,2026-08-20,2026-08-22,1.0,Deterministic Match (EXACT_REF_MATCH),2026-09-03 21:03:09
1,EXACT_REF_MATCH,Deterministic Match,MATCHED,Tier 1 (Exact UTR),pay_c0ace33f2423,UTR210096868750,MERCH_004,5591.18,5591.18,2026-08-08,2026-08-09,1.0,Deterministic Match (EXACT_REF_MATCH),2026-09-03 21:03:09
1,EXACT_REF_MATCH,Deterministic Match,MATCHED,Tier 1 (Exact UTR),pay_f53e15c2f7f4,UTR431725400676,MERCH_004,35125.16,35125.16,2026-08-04,2026-08-05,1.0,Deterministic Match (EXACT_REF_MATCH),2026-09-03 21:03:09
1,EXACT_REF_MATCH,Deterministic Match,MATCHED,Tier 1 (Exact UTR),pay_a88444625898,UTR172783666705,MERCH_003,16239.36,16239.36,2026-08-25,2026-08-26,1.0,Deterministic Match (EXACT_REF_MATCH),2026-09-03 21:03:09
1,EXACT_REF_MATCH,Deterministic Match,MATCHED,Tier 1 (Exact UTR),pay_08ac3ac8df22,UTR850034643586,MERCH_005,29987.28,29987.28,2026-08-19,2026-08-21,1.0,Deterministic Match (EXACT_REF_MATCH),2026-09-03 21:03:09
1,EXACT_REF_MATCH,Deterministic Match,MATCHED,Tier 1 (Exact UTR),pay_01c8fdc2054e,UTR465343323062,MERCH_004,42735.35,42735.35,2026-08-09,2026-08-10,1.0,Deterministic Match (EXACT_REF_MATCH),2026-09-03 21:03:09
1,EXACT_REF_MATCH,Deterministic Match,MATCHED,Tier 1 (Exact UTR),pay_ee9baaf53a18,UTR979553537176,MERCH_002,4454.59,4454.59,2026-08-17,2026-08-18,1.0,Deterministic Match (EXACT_REF_MATCH),2026-09-03 21:03:09
1,EXACT_REF_MATCH,Deterministic Match,MATCHED,Tier 1 (Exact UTR),pay_44a6d82002a1,UTR767457963250,MERCH_002,8827.2,8827.2,2026-08-29,2026-08-30,1.0,Deterministic Match (EXACT_REF_MATCH),2026-09-03 21:03:09
1,EXACT_REF_MATCH,Deterministic Match,MATCHED,Tier 1 (Exact UTR),pay_f4c335537415,UTR504781652047,MERCH_002,3383.41,3383.41,2026-08-27,2026-08-28,1.0,Deterministic Match (EXACT_REF_MATCH),2026-09-03 21:03:09
1,EXACT_REF_MATCH,Deterministic Match,MATCHED,Tier 1 (Exact UTR),pay_a7038d40e451,UTR813128193399,MERCH_001,30045.07,30045.07,2026-08-04,2026-08-06,1.0,Deterministic Match (EXACT_REF_MATCH),2026-09-03 21:03:09
1,EXACT_REF_MATCH,Deterministic Match,MATCHED,Tier 1 (Exact UTR),pay_08dfb1c2c679,UTR861009212488,MERCH_003,43214.18,43214.18,2026-08-15,2026-08-19,1.0,Deterministic Match (EXACT_REF_MATCH),2026-09-03 21:03:09
1,EXACT_REF_MATCH,Deterministic Match,MATCHED,Tier 1 (Exact UTR),pay_450a1213c59f,UTR491831968718,MERCH_002,8555.77,8555.77,2026-08-12,2026-08-14,1.0,Deterministic Match (EXACT_REF_MATCH),2026-09-03 21:03:09
1,EXACT_REF_MATCH,Deterministic Match,MATCHED,Tier 1 (Exact UTR),pay_5ad0142ed220,UTR287879653403,MERCH_004,40242.19,40242.19,2026-08-20,2026-08-21,1.0,Deterministic Match (EXACT_REF_MATCH),2026-09-03 21:03:09
1,EXACT_REF_MATCH,Deterministic Match,MATCHED,Tier 1 (Exact UTR),pay_cb100056e7b8,UTR478869446362,MERCH_001,28194.46,28194.46,2026-08-28,2026-08-30,1.0,Deterministic Match (EXACT_REF_MATCH),2026-09-03 21:03:09
1,EXACT_REF_MATCH,Deterministic Match,MATCHED,Tier 1 (Exact UTR),pay_3567d8b437e5,UTR247721493715,MERCH_001,36900.51,36900.51,2026-08-20,2026-08-22,1.0,Deterministic Match (EXACT_REF_MATCH),2026-09-03 21:03:09
1,EXACT_REF_MATCH,Deterministic Match,MATCHED,Tier 1 (Exact UTR),pay_72973c3f9485,UTR413563823973,MERCH_004,12806.9,12806.9,2026-08-20,2026-08-22,1.0,Deterministic Match (EXACT_REF_MATCH),2026-09-03 21:03:09
1,EXACT_REF_MATCH,Deterministic Match,MATCHED,Tier 1 (Exact UTR),pay_20244bd60eb2,UTR832664965261,MERCH_001,15087.72,15087.72,2026-08-15,2026-08-16,1.0,Deterministic Match (EXACT_REF_MATCH),2026-09-03 21:03:09
1,EXACT_REF_MATCH,Deterministic Match,MATCHED,Tier 1 (Exact UTR),pay_b3c9ffe07249,UTR57383602772,MERCH_005,30099.17,30099.17,2026-08-24,2026-08-25,1.0,Deterministic Match (EXACT_REF_MATCH),2026-09-03 21:03:09
1,EXACT_REF_MATCH,Deterministic Match,MATCHED,Tier 1 (Exact UTR),pay_2b10fce726a3,UTR990947714672,MERCH_005,18688.45,18688.45,2026-08-29,2026-08-31,1.0,Deterministic Match (EXACT_REF_MATCH),2026-09-03 21:03:09
1,EXACT_REF_MATCH,Deterministic Match,MATCHED,Tier 1 (Exact UTR),pay_e319c48157b8,UTR61053614149,MERCH_005,8569.25,8569.25,2026-08-23,2026-08-25,1.0,Deterministic Match (EXACT_REF_MATCH),2026-09-03 21:03:09
1,EXACT_REF_MATCH,Deterministic Match,MATCHED,Tier 1 (Exact UTR),pay_9cb70c30eeed,UTR671731064522,MERCH_003,22793.56,22793.56,2026-08-13,2026-08-14,1.0,Deterministic Match (EXACT_REF_MATCH),2026-09-03 21:03:09
1,EXACT_REF_MATCH,Deterministic Match,MATCHED,Tier 1 (Exact UTR),pay_943389053104,UTR989878906194,MERCH_001,37984.61,37984.61,2026-08-24,2026-08-25,1.0,Deterministic Match (EXACT_REF_MATCH),2026-09-03 21:03:09
1,EXACT_REF_MATCH,Deterministic Match,MATCHED,Tier 1 (Exact UTR),pay_e47d1ddc3ae0,UTR533071590013,MERCH_005,30119.93,30119.93,2026-08-11,2026-08-13,1.0,Deterministic Match (EXACT_REF_MATCH),2026-09-03 21:03:09
1,EXACT_REF_MATCH,Deterministic Match,MATCHED,Tier 1 (Exact UTR),pay_64d5df8439bf,UTR221917497599,MERCH_004,28671.78,28671.78,2026-08-29,2026-08-31,1.0,Deterministic Match (EXACT_REF_MATCH),2026-09-03 21:03:09
1,EXACT_REF_MATCH,Deterministic Match,MATCHED,Tier 1 (Exact UTR),pay_eaea35a00856,UTR726949233648,MERCH_004,44439.4,44439.4,2026-08-14,2026-08-15,1.0,Deterministic Match (EXACT_REF_MATCH),2026-09-03 21:03:09
1,EXACT_REF_MATCH,Deterministic Match,MATCHED,Tier 1 (Exact UTR),pay_0e43be0be90f,UTR167966654289,MERCH_001,16154.27,16154.27,2026-08-10,2026-08-11,1.0,Deterministic Match (EXACT_REF_MATCH),2026-09-03 21:03:09
1,EXACT_REF_MATCH,Deterministic Match,MATCHED,Tier 1 (Exact UTR),pay_ba0fbf9aa9e1,UTR810383907273,MERCH_004,31711.0,31711.0,2026-08-16,2026-08-18,1.0,Deterministic Match (EXACT_REF_MATCH),2026-09-03 21:03:09
1,EXACT_REF_MATCH,Deterministic Match,MATCHED,Tier 1 (Exact UTR),pay_2d0f783d1f68,UTR583016768665,MERCH_002,35939.11,35939.11,2026-08-05,2026-08-07,1.0,Deterministic Match (EXACT_REF_MATCH),2026-09-03 21:03:09
1,EXACT_REF_MATCH,Deterministic Match,MATCHED,Tier 1 (Exact UTR),pay_e78e007270f1,UTR242779896620,MERCH_001,1974.49,1974.49,2026-08-06,2026-08-07,1.0,Deterministic Match (EXACT_REF_MATCH),2026-09-03 21:03:09
1,EXACT_REF_MATCH,Deterministic Match,MATCHED,Tier 1 (Exact UTR),pay_b8317c1b4d7a,UTR353181576233,MERCH_002,25719.88,25719.88,2026-08-10,2026-08-12,1.0,Deterministic Match (EXACT_REF_MATCH),2026-09-03 21:03:09
1,EXACT_REF_MATCH,Deterministic Match,MATCHED,Tier 1 (Exact UTR),pay_96d5c6638dbb,UTR286260515596,MERCH_001,12962.05,12962.05,2026-08-23,2026-08-24,1.0,Deterministic Match (EXACT_REF_MATCH),2026-09-03 21:03:09
1,EXACT_REF_MATCH,Deterministic Match,MATCHED,Tier 1 (Exact UTR),pay_f7c0937d0d97,UTR382182696057,MERCH_005,24425.77,24425.77,2026-08-24,2026-08-26,1.0,Deterministic Match (EXACT_REF_MATCH),2026-09-03 21:03:09
1,EXACT_REF_MATCH,Deterministic Match,MATCHED,Tier 1 (Exact UTR),pay_64fb47baf682,UTR456639870067,MERCH_003,25819.66,25819.66,2026-08-08,2026-08-10,1.0,Deterministic Match (EXACT_REF_MATCH),2026-09-03 21:03:09
1,EXACT_REF_MATCH,Deterministic Match,MATCHED,Tier 1 (Exact UTR),pay_37e6956ce64e,UTR579719288886,MERCH_005,14610.47,14610.47,2026-08-12,2026-08-13,1.0,Deterministic Match (EXACT_REF_MATCH),2026-09-03 21:03:09
1,EXACT_REF_MATCH,Deterministic Match,MATCHED,Tier 1 (Exact UTR),pay_8d8686ba6737,UTR100561150403,MERCH_001,8740.52,8740.52,2026-08-13,2026-08-15,1.0,Deterministic Match (EXACT_REF_MATCH),2026-09-03 21:03:09
1,EXACT_REF_MATCH,Deterministic Match,MATCHED,Tier 1 (Exact UTR),pay_d7c2f6b9b665,UTR302096080039,MERCH_005,39642.27,39642.27,2026-08-25,2026-08-27,1.0,Deterministic Match (EXACT_REF_MATCH),2026-09-03 21:03:09
1,EXACT_REF_MATCH,Deterministic Match,MATCHED,Tier 1 (Exact UTR),pay_cb89944c8773,UTR710984438881,MERCH_003,25802.64,25802.64,2026-08-05,2026-08-06,1.0,Deterministic Match (EXACT_REF_MATCH),2026-09-03 21:03:09
1,EXACT_REF_MATCH,Deterministic Match,MATCHED,Tier 1 (Exact UTR),pay_7066b5e2c8b0,UTR889435274242,MERCH_001,20221.03,20221.03,2026-08-17,2026-08-19,1.0,Deterministic Match (EXACT_REF_MATCH),2026-09-03 21:03:09
1,EXACT_REF_MATCH,Deterministic Match,MATCHED,Tier 1 (Exact UTR),pay_77c8bddb82a8,UTR202894275894,MERCH_001,27438.24,27438.24,2026-08-10,2026-08-11,1.0,Deterministic Match (EXACT_REF_MATCH),2026-09-03 21:03:09
1,EXACT_REF_MATCH,Deterministic Match,MATCHED,Tier 1 (Exact UTR),pay_34a14cfd0f20,UTR241321986065,MERCH_001,14205.41,14205.41,2026-08-24,2026-08-26,1.0,Deterministic Match (EXACT_REF_MATCH),2026-09-03 21:03:09
1,EXACT_REF_MATCH,Deterministic Match,MATCHED,Tier 1 (Exact UTR),pay_01d0375b3ab9,UTR441695430910,MERCH_001,37228.46,37228.46,2026-08-04,2026-08-05,1.0,Deterministic Match (EXACT_REF_MATCH),2026-09-03 21:03:09
1,EXACT_REF_MATCH,Deterministic Match,MATCHED,Tier 1 (Exact UTR),pay_6776f4110023,UTR265425095201,MERCH_003,14556.14,14556.14,2026-08-13,2026-08-14,1.0,Deterministic Match (EXACT_REF_MATCH),2026-09-03 21:03:09
1,EXACT_REF_MATCH,Deterministic Match,MATCHED,Tier 1 (Exact UTR),pay_1f0019316803,UTR455983374748,MERCH_003,25750.73,25750.73,2026-08-05,2026-08-07,1.0,Deterministic Match (EXACT_REF_MATCH),2026-09-03 21:03:09
1,EXACT_REF_MATCH,Deterministic Match,MATCHED,Tier 1 (Exact UTR),pay_fced99f5e10b,UTR583362984383,MERCH_005,8147.27,8147.27,2026-08-06,2026-08-08,1.0,Deterministic Match (EXACT_REF_MATCH),2026-09-03 21:03:09
1,EXACT_REF_MATCH,Deterministic Match,MATCHED,Tier 1 (Exact UTR),pay_e58db2520fbc,UTR716275523777,MERCH_003,14587.84,14587.84,2026-08-04,2026-08-05,1.0,Deterministic Match (EXACT_REF_MATCH),2026-09-03 21:03:09
1,EXACT_REF_MATCH,Deterministic Match,MATCHED,Tier 1 (Exact UTR),pay_32d344a7d476,UTR866408829416,MERCH_004,32024.69,32024.69,2026-08-11,2026-08-13,1.0,Deterministic Match (EXACT_REF_MATCH),2026-09-03 21:03:09
1,EXACT_REF_MATCH,Deterministic Match,MATCHED,Tier 1 (Exact UTR),pay_f655b830d2e9,UTR57776011320,MERCH_005,5969.02,5969.02,2026-08-17,2026-08-19,1.0,Deterministic Match (EXACT_REF_MATCH),2026-09-03 21:03:09
1,EXACT_REF_MATCH,Deterministic Match,MATCHED,Tier 1 (Exact UTR),pay_cd69178bd555,UTR491111573103,MERCH_005,39008.46,39008.46,2026-08-23,2026-08-24,1.0,Deterministic Match (EXACT_REF_MATCH),2026-09-03 21:03:09
1,EXACT_REF_MATCH,Deterministic Match,MATCHED,Tier 1 (Exact UTR),pay_107f1dc4fffe,UTR276869032499,MERCH_005,20077.4,20077.4,2026-08-06,2026-08-08,1.0,Deterministic Match (EXACT_REF_MATCH),2026-09-03 21:03:09
1,EXACT_REF_MATCH,Deterministic Match,MATCHED,Tier 1 (Exact UTR),pay_4ed84b2aac21,UTR788519947242,MERCH_003,6672.9,6672.9,2026-08-24,2026-08-26,1.0,Deterministic Match (EXACT_REF_MATCH),2026-09-03 21:03:09
1,EXACT_REF_MATCH,Deterministic Match,MATCHED,Tier 1 (Exact UTR),pay_87ae62ce4153,UTR551265287637,MERCH_005,25137.02,25137.02,2026-08-06,2026-08-07,1.0,Deterministic Match (EXACT_REF_MATCH),2026-09-03 21:03:09
1,EXACT_REF_MATCH,Deterministic Match,MATCHED,Tier 1 (Exact UTR),pay_2381bb82952d,UTR875648698263,MERCH_004,4137.47,4137.47,2026-08-11,2026-08-13,1.0,Deterministic Match (EXACT_REF_MATCH),2026-09-03 21:03:09
1,EXACT_REF_MATCH,Deterministic Match,MATCHED,Tier 1 (Exact UTR),pay_ee9e63116642,UTR821088252719,MERCH_003,6015.9,6015.9,2026-08-29,2026-08-31,1.0,Deterministic Match (EXACT_REF_MATCH),2026-09-03 21:03:09
1,EXACT_REF_MATCH,Deterministic Match,MATCHED,Tier 1 (Exact UTR),pay_743e87307c7c,UTR412222696929,MERCH_001,14087.0,14087.0,2026-08-19,2026-08-20,1.0,Deterministic Match (EXACT_REF_MATCH),2026-09-03 21:03:09
1,EXACT_REF_MATCH,Deterministic Match,MATCHED,Tier 1 (Exact UTR),pay_703962159c03,UTR892390598598,MERCH_004,17545.07,17545.07,2026-08-27,2026-08-28,1.0,Deterministic Match (EXACT_REF_MATCH),2026-09-03 21:03:09
1,EXACT_REF_MATCH,Deterministic Match,MATCHED,Tier 1 (Exact UTR),pay_708a7c631395,UTR375885966299,MERCH_005,4232.55,4232.55,2026-08-19,2026-08-20,1.0,Deterministic Match (EXACT_REF_MATCH),2026-09-03 21:03:09
1,EXACT_REF_MATCH,Deterministic Match,MATCHED,Tier 1 (Exact UTR),pay_b776cf025bce,UTR657997498620,MERCH_002,8833.63,8833.63,2026-08-19,2026-08-21,1.0,Deterministic Match (EXACT_REF_MATCH),2026-09-03 21:03:09
1,EXACT_REF_MATCH,Deterministic Match,MATCHED,Tier 1 (Exact UTR),pay_d4aa9aae489e,UTR85611835698,MERCH_002,20576.07,20576.07,2026-08-09,2026-08-10,1.0,Deterministic Match (EXACT_REF_MATCH),2026-09-03 21:03:09
1,EXACT_REF_MATCH,Deterministic Match,MATCHED,Tier 1 (Exact UTR),pay_de196d631599,UTR596019817021,MERCH_001,8593.89,8593.89,2026-08-26,2026-08-27,1.0,Deterministic Match (EXACT_REF_MATCH),2026-09-03 21:03:09
1,EXACT_REF_MATCH,Deterministic Match,MATCHED,Tier 1 (Exact UTR),pay_1b7e32c7a658,UTR579891357605,MERCH_001,11715.69,11715.69,2026-08-28,2026-08-29,1.0,Deterministic Match (EXACT_REF_MATCH),2026-09-03 21:03:09
1,EXACT_REF_MATCH,Deterministic Match,MATCHED,Tier 1 (Exact UTR),pay_083e80d9a8e8,UTR769504908222,MERCH_001,24698.95,24698.95,2026-08-12,2026-08-13,1.0,Deterministic Match (EXACT_REF_MATCH),2026-09-03 21:03:09
1,EXACT_REF_MATCH,Deterministic Match,MATCHED,Tier 1 (Exact UTR),pay_e5a592747461,UTR118768974436,MERCH_002,27061.34,27061.34,2026-08-29,2026-08-31,1.0,Deterministic Match (EXACT_REF_MATCH),2026-09-03 21:03:09
1,EXACT_REF_MATCH,Deterministic Match,MATCHED,Tier 1 (Exact UTR),pay_0f7164c0cacc,UTR261427880877,MERCH_005,33185.07,33185.07,2026-08-07,2026-08-08,1.0,Deterministic Match (EXACT_REF_MATCH),2026-09-03 21:03:09
1,EXACT_REF_MATCH,Deterministic Match,MATCHED,Tier 1 (Exact UTR),pay_307b70c9618a,UTR229941049438,MERCH_003,3955.45,3955.45,2026-08-09,2026-08-11,1.0,Deterministic Match (EXACT_REF_MATCH),2026-09-03 21:03:09
1,EXACT_REF_MATCH,Deterministic Match,MATCHED,Tier 1 (Exact UTR),pay_690933fd2b92,UTR477767620036,MERCH_002,34588.23,34588.23,2026-08-06,2026-08-08,1.0,Deterministic Match (EXACT_REF_MATCH),2026-09-03 21:03:09
1,EXACT_REF_MATCH,Deterministic Match,MATCHED,Tier 1 (Exact UTR),pay_640a74f3969c,UTR698676689286,MERCH_003,33927.66,33927.66,2026-08-06,2026-08-07,1.0,Deterministic Match (EXACT_REF_MATCH),2026-09-03 21:03:09
1,EXACT_REF_MATCH,Deterministic Match,MATCHED,Tier 1 (Exact UTR),pay_82cbfa092821,UTR334809039090,MERCH_005,35806.87,35806.87,2026-08-19,2026-08-20,1.0,Deterministic Match (EXACT_REF_MATCH),2026-09-03 21:03:09
1,EXACT_REF_MATCH,Deterministic Match,MATCHED,Tier 1 (Exact UTR),pay_65540390ade0,UTR841685053440,MERCH_005,42328.55,42328.55,2026-08-21,2026-08-22,1.0,Deterministic Match (EXACT_REF_MATCH),2026-09-03 21:03:09
1,EXACT_REF_MATCH,Deterministic Match,MATCHED,Tier 1 (Exact UTR),pay_0c5dc85fbab5,UTR986558322286,MERCH_002,20772.91,20772.91,2026-08-13,2026-08-14,1.0,Deterministic Match (EXACT_REF_MATCH),2026-09-03 21:03:09
1,EXACT_REF_MATCH,Deterministic Match,MATCHED,Tier 1 (Exact UTR),pay_9dad4f3812ec,UTR680209005247,MERCH_005,18015.94,18015.94,2026-08-23,2026-08-24,1.0,Deterministic Match (EXACT_REF_MATCH),2026-09-03 21:03:09
1,EXACT_REF_MATCH,Deterministic Match,MATCHED,Tier 1 (Exact UTR),pay_f095c333dc6a,UTR759002987042,MERCH_003,5225.89,5225.89,2026-08-16,2026-08-18,1.0,Deterministic Match (EXACT_REF_MATCH),2026-09-03 21:03:09
1,EXACT_REF_MATCH,Deterministic Match,MATCHED,Tier 1 (Exact UTR),pay_ad86b40fd766,UTR270153785520,MERCH_002,22701.25,22701.25,2026-08-09,2026-08-11,1.0,Deterministic Match (EXACT_REF_MATCH),2026-09-03 21:03:09
1,EXACT_REF_MATCH,Deterministic Match,MATCHED,Tier 1 (Exact UTR),pay_539446f868d5,UTR533238924487,MERCH_001,16870.04,16870.04,2026-08-16,2026-08-18,1.0,Deterministic Match (EXACT_REF_MATCH),2026-09-03 21:03:09
1,EXACT_REF_MATCH,Deterministic Match,MATCHED,Tier 1 (Exact UTR),pay_0092390c0572,UTR88201989886,MERCH_005,14785.77,14785.77,2026-08-19,2026-08-20,1.0,Deterministic Match (EXACT_REF_MATCH),2026-09-03 21:03:09
1,EXACT_REF_MATCH,Deterministic Match,MATCHED,Tier 1 (Exact UTR),pay_40a87f72b51c,UTR220561027171,MERCH_003,17932.08,17932.08,2026-08-22,2026-08-28,1.0,Deterministic Match (EXACT_REF_MATCH),2026-09-03 21:03:09
1,EXACT_REF_MATCH,Deterministic Match,MATCHED,Tier 1 (Exact UTR),pay_47a5837186a5,UTR395502949803,MERCH_002,31403.31,31403.31,2026-08-13,2026-08-15,1.0,Deterministic Match (EXACT_REF_MATCH),2026-09-03 21:03:09
1,EXACT_REF_MATCH,Deterministic Match,MATCHED,Tier 1 (Exact UTR),pay_d7c64057faca,UTR767242621320,MERCH_001,24038.12,24038.12,2026-08-08,2026-08-09,1.0,Deterministic Match (EXACT_REF_MATCH),2026-09-03 21:03:09
1,EXACT_REF_MATCH,Deterministic Match,MATCHED,Tier 1 (Exact UTR),pay_9455934bb8b3,UTR703172137119,MERCH_003,29362.03,29362.03,2026-08-04,2026-08-05,1.0,Deterministic Match (EXACT_REF_MATCH),2026-09-03 21:03:09
1,EXACT_REF_MATCH,Deterministic Match,MATCHED,Tier 1 (Exact UTR),pay_e0c3e84fb81b,UTR346457469068,MERCH_001,13030.43,13030.43,2026-08-22,2026-08-23,1.0,Deterministic Match (EXACT_REF_MATCH),2026-09-03 21:03:09
1,EXACT_REF_MATCH,Deterministic Match,MATCHED,Tier 1 (Exact UTR),pay_ca03b7bedaba,UTR300520744828,MERCH_004,19362.06,19362.06,2026-08-25,2026-08-26,1.0,Deterministic Match (EXACT_REF_MATCH),2026-09-03 21:03:09
1,EXACT_REF_MATCH,Deterministic Match,MATCHED,Tier 1 (Exact UTR),pay_e43e5649abc8,UTR552739956995,MERCH_003,10242.63,10242.63,2026-08-24,2026-08-25,1.0,Deterministic Match (EXACT_REF_MATCH),2026-09-03 21:03:09
1,EXACT_REF_MATCH,Deterministic Match,MATCHED,Tier 1 (Exact UTR),pay_19a12cdb89e0,UTR757827934215,MERCH_004,24497.27,24497.27,2026-08-05,2026-08-06,1.0,Deterministic Match (EXACT_REF_MATCH),2026-09-03 21:03:09
1,EXACT_REF_MATCH,Deterministic Match,MATCHED,Tier 1 (Exact UTR),pay_21009deb729b,UTR189630113200,MERCH_001,5790.95,5790.95,2026-08-21,2026-08-22,1.0,Deterministic Match (EXACT_REF_MATCH),2026-09-03 21:03:09
1,EXACT_REF_MATCH,Deterministic Match,MATCHED,Tier 1 (Exact UTR),pay_b026bd7b13ae,UTR700828079338,MERCH_004,40883.56,40883.56,2026-08-13,2026-08-14,1.0,Deterministic Match (EXACT_REF_MATCH),2026-09-03 21:03:09
1,EXACT_REF_MATCH,Deterministic Match,MATCHED,Tier 1 (Exact UTR),pay_cc13520ed55d,UTR219880497714,MERCH_003,28583.27,28583.27,2026-08-23,2026-08-25,1.0,Deterministic Match (EXACT_REF_MATCH),2026-09-03 21:03:09
1,EXACT_REF_MATCH,Deterministic Match,MATCHED,Tier 1 (Exact UTR),pay_076967cfea5d,UTR873420396761,MERCH_002,22016.62,22016.62,2026-08-27,2026-08-29,1.0,Deterministic Match (EXACT_REF_MATCH),2026-09-03 21:03:09
1,EXACT_REF_MATCH,Deterministic Match,MATCHED,Tier 1 (Exact UTR),pay_ededb751c17d,UTR893218227077,MERCH_003,38294.95,38294.95,2026-08-18,2026-08-19,1.0,Deterministic Match (EXACT_REF_MATCH),2026-09-03 21:03:09
1,EXACT_REF_MATCH,Deterministic Match,MATCHED,Tier 1 (Exact UTR),pay_d9fb2e9388ed,UTR32955001785,MERCH_004,7749.75,7749.75,2026-08-28,2026-08-29,1.0,Deterministic Match (EXACT_REF_MATCH),2026-09-03 21:03:09
1,EXACT_REF_MATCH,Deterministic Match,MATCHED,Tier 1 (Exact UTR),pay_70b79a53bd31,UTR677959537250,MERCH_004,43579.04,43579.04,2026-08-24,2026-08-25,1.0,Deterministic Match (EXACT_REF_MATCH),2026-09-03 21:03:09
1,EXACT_REF_MATCH,Deterministic Match,MATCHED,Tier 1 (Exact UTR),pay_48f03ded3674,UTR71389595245,MERCH_002,32992.32,32992.32,2026-08-26,2026-08-28,1.0,Deterministic Match (EXACT_REF_MATCH),2026-09-03 21:03:09
1,EXACT_REF_MATCH,Deterministic Match,MATCHED,Tier 1 (Exact UTR),pay_d66fa067ecc9,UTR811979227380,MERCH_001,23233.11,23233.11,2026-08-10,2026-08-12,1.0,Deterministic Match (EXACT_REF_MATCH),2026-09-03 21:03:09
1,EXACT_REF_MATCH,Deterministic Match,MATCHED,Tier 1 (Exact UTR),pay_5e6c549a3906,UTR678534434350,MERCH_001,12542.76,12542.76,2026-08-25,2026-08-27,1.0,Deterministic Match (EXACT_REF_MATCH),2026-09-03 21:03:09
1,EXACT_REF_MATCH,Deterministic Match,MATCHED,Tier 1 (Exact UTR),pay_86acf4648014,UTR10246734809,MERCH_002,35245.71,35245.71,2026-08-18,2026-08-20,1.0,Deterministic Match (EXACT_REF_MATCH),2026-09-03 21:03:09
1,EXACT_REF_MATCH,Deterministic Match,MATCHED,Tier 1 (Exact UTR),pay_b6cb432ef7e4,UTR915439141988,MERCH_004,25046.33,25046.33,2026-08-22,2026-08-23,1.0,Deterministic Match (EXACT_REF_MATCH),2026-09-03 21:03:09
1,EXACT_REF_MATCH,Deterministic Match,MATCHED,Tier 1 (Exact UTR),pay_36df5676bba6,UTR959002507327,MERCH_002,35917.43,35917.43,2026-08-27,2026-09-02,1.0,Deterministic Match (EXACT_REF_MATCH),2026-09-03 21:03:09
1,EXACT_REF_MATCH,Deterministic Match,MATCHED,Tier 1 (Exact UTR),pay_167fa241797b,UTR541487792837,MERCH_005,38354.38,38354.38,2026-08-09,2026-08-11,1.0,Deterministic Match (EXACT_REF_MATCH),2026-09-03 21:03:09
1,EXACT_REF_MATCH,Deterministic Match,MATCHED,Tier 1 (Exact UTR),pay_1aa9f52688d2,UTR996882999504,MERCH_003,3493.07,3493.07,2026-08-27,2026-08-28,1.0,Deterministic Match (EXACT_REF_MATCH),2026-09-03 21:03:09
1,EXACT_REF_MATCH,Deterministic Match,MATCHED,Tier 1 (Exact UTR),pay_58aeba61bdd8,UTR894930001384,MERCH_001,1495.02,1495.02,2026-08-07,2026-08-09,1.0,Deterministic Match (EXACT_REF_MATCH),2026-09-03 21:03:09
1,EXACT_REF_MATCH,Deterministic Match,MATCHED,Tier 1 (Exact UTR),pay_cdc5af9c58c6,UTR995168184211,MERCH_003,44568.84,44568.84,2026-08-21,2026-08-23,1.0,Deterministic Match (EXACT_REF_MATCH),2026-09-03 21:03:09
1,EXACT_REF_MATCH,Deterministic Match,MATCHED,Tier 1 (Exact UTR),pay_431d223f8250,UTR819010757012,MERCH_003,9409.76,9409.76,2026-08-12,2026-08-14,1.0,Deterministic Match (EXACT_REF_MATCH),2026-09-03 21:03:09
1,EXACT_REF_MATCH,Deterministic Match,MATCHED,Tier 1 (Exact UTR),pay_7c4d8edaab15,UTR16396328861,MERCH_003,10885.12,10885.12,2026-08-06,2026-08-08,1.0,Deterministic Match (EXACT_REF_MATCH),2026-09-03 21:03:09
1,EXACT_REF_MATCH,Deterministic Match,MATCHED,Tier 1 (Exact UTR),pay_c53e97cb9923,UTR350880101116,MERCH_001,34403.51,34403.51,2026-08-14,2026-08-16,1.0,Deterministic Match (EXACT_REF_MATCH),2026-09-03 21:03:09
1,EXACT_REF_MATCH,Deterministic Match,MATCHED,Tier 1 (Exact UTR),pay_98364a125d7a,UTR154574550536,MERCH_004,40996.9,40996.9,2026-08-20,2026-08-21,1.0,Deterministic Match (EXACT_REF_MATCH),2026-09-03 21:03:09
1,EXACT_REF_MATCH,Deterministic Match,MATCHED,Tier 1 (Exact UTR),pay_c3fdcd63f114,UTR597642168877,MERCH_003,43512.97,43512.97,2026-08-09,2026-08-10,1.0,Deterministic Match (EXACT_REF_MATCH),2026-09-03 21:03:09
1,EXACT_REF_MATCH,Deterministic Match,MATCHED,Tier 1 (Exact UTR),pay_670d65d73207,UTR257913018877,MERCH_001,33276.97,33276.97,2026-08-17,2026-08-19,1.0,Deterministic Match (EXACT_REF_MATCH),2026-09-03 21:03:09
1,EXACT_REF_MATCH,Deterministic Match,MATCHED,Tier 1 (Exact UTR),pay_ef1305ff0690,UTR876706223277,MERCH_005,31130.65,31130.65,2026-08-05,2026-08-07,1.0,Deterministic Match (EXACT_REF_MATCH),2026-09-03 21:03:09
1,EXACT_REF_MATCH,Deterministic Match,MATCHED,Tier 1 (Exact UTR),pay_c288761c55f4,UTR403828909352,MERCH_004,2958.67,2958.67,2026-08-08,2026-08-15,1.0,Deterministic Match (EXACT_REF_MATCH),2026-09-03 21:03:09
1,EXACT_REF_MATCH,Deterministic Match,MATCHED,Tier 1 (Exact UTR),pay_20ea296dec2c,UTR997569064804,MERCH_004,39145.19,39145.19,2026-08-16,2026-08-18,1.0,Deterministic Match (EXACT_REF_MATCH),2026-09-03 21:03:09
1,EXACT_REF_MATCH,Deterministic Match,MATCHED,Tier 1 (Exact UTR),pay_9b510c9a624f,UTR709391136807,MERCH_001,30270.88,30270.88,2026-08-13,2026-08-14,1.0,Deterministic Match (EXACT_REF_MATCH),2026-09-03 21:03:09
1,EXACT_REF_MATCH,Deterministic Match,MATCHED,Tier 1 (Exact UTR),pay_4f382b6c4a82,UTR546059153261,MERCH_004,39570.32,39570.32,2026-08-07,2026-08-08,1.0,Deterministic Match (EXACT_REF_MATCH),2026-09-03 21:03:09
1,EXACT_REF_MATCH,Deterministic Match,MATCHED,Tier 1 (Exact UTR),pay_5cf86b7418a2,UTR857530077429,MERCH_004,39813.09,39813.09,2026-08-29,2026-08-31,1.0,Deterministic Match (EXACT_REF_MATCH),2026-09-03 21:03:09
1,EXACT_REF_MATCH,Deterministic Match,MATCHED,Tier 1 (Exact UTR),pay_59d2ec03bf92,UTR323060725147,MERCH_001,7002.76,7002.76,2026-08-18,2026-08-19,1.0,Deterministic Match (EXACT_REF_MATCH),2026-09-03 21:03:09
1,EXACT_REF_MATCH,Deterministic Match,MATCHED,Tier 1 (Exact UTR),pay_2b3ee7ac50cb,UTR740562911298,MERCH_001,35740.89,35740.89,2026-08-28,2026-08-29,1.0,Deterministic Match (EXACT_REF_MATCH),2026-09-03 21:03:09
1,EXACT_REF_MATCH,Deterministic Match,MATCHED,Tier 1 (Exact UTR),pay_a3ced93d62c3,UTR95729639974,MERCH_003,39034.99,39034.99,2026-08-12,2026-08-13,1.0,Deterministic Match (EXACT_REF_MATCH),2026-09-03 21:03:09
1,EXACT_REF_MATCH,Deterministic Match,MATCHED,Tier 1 (Exact UTR),pay_e03ccc3d2439,UTR892674025388,MERCH_002,26293.08,26293.08,2026-08-08,2026-08-10,1.0,Deterministic Match (EXACT_REF_MATCH),2026-09-03 21:03:09
1,EXACT_REF_MATCH,Deterministic Match,MATCHED,Tier 1 (Exact UTR),pay_e61fc762434b,UTR695821096682,MERCH_002,43555.36,43555.36,2026-08-13,2026-08-14,1.0,Deterministic Match (EXACT_REF_MATCH),2026-09-03 21:03:09
1,EXACT_REF_MATCH,Deterministic Match,MATCHED,Tier 1 (Exact UTR),pay_93e49fd3e6ce,UTR175980802331,MERCH_001,28148.12,28148.12,2026-08-18,2026-08-20,1.0,Deterministic Match (EXACT_REF_MATCH),2026-09-03 21:03:09
1,EXACT_REF_MATCH,Deterministic Match,MATCHED,Tier 1 (Exact UTR),pay_b201d884943b,UTR224547196135,MERCH_004,35710.04,35710.04,2026-08-11,2026-08-12,1.0,Deterministic Match (EXACT_REF_MATCH),2026-09-03 21:03:09
1,EXACT_REF_MATCH,Deterministic Match,MATCHED,Tier 1 (Exact UTR),pay_21e7b81df781,UTR911374766324,MERCH_003,28220.23,28220.23,2026-08-05,2026-08-07,1.0,Deterministic Match (EXACT_REF_MATCH),2026-09-03 21:03:09
1,EXACT_REF_MATCH,Deterministic Match,MATCHED,Tier 1 (Exact UTR),pay_0cef6719811d,UTR73455407125,MERCH_002,19975.01,19975.01,2026-08-11,2026-08-13,1.0,Deterministic Match (EXACT_REF_MATCH),2026-09-03 21:03:09
1,EXACT_REF_MATCH,Deterministic Match,MATCHED,Tier 1 (Exact UTR),pay_90c7ce1d3fc9,UTR980659301997,MERCH_002,21042.91,21042.91,2026-08-20,2026-08-22,1.0,Deterministic Match (EXACT_REF_MATCH),2026-09-03 21:03:09
1,EXACT_REF_MATCH,Deterministic Match,MATCHED,Tier 1 (Exact UTR),pay_991d736fb782,UTR8596050100,MERCH_003,14637.91,14637.91,2026-08-08,2026-08-09,1.0,Deterministic Match (EXACT_REF_MATCH),2026-09-03 21:03:09
1,EXACT_REF_MATCH,Deterministic Match,MATCHED,Tier 1 (Exact UTR),pay_a86608af4128,UTR793982431204,MERCH_003,4385.85,4385.85,2026-08-14,2026-08-16,1.0,Deterministic Match (EXACT_REF_MATCH),2026-09-03 21:03:09
1,EXACT_REF_MATCH,Deterministic Match,MATCHED,Tier 1 (Exact UTR),pay_047d839873d2,UTR465756651047,MERCH_003,14007.99,14007.99,2026-08-20,2026-08-21,1.0,Deterministic Match (EXACT_REF_MATCH),2026-09-03 21:03:09
2,FUZZY_AMT_DATE_MATCH,Scored Fuzzy Match,MATCHED,Tier 2 (Fuzzy Match),pay_01c739e32775,N/A,MERCH_005,38486.27,38486.27,2026-08-12,2026-08-14,0.94,"FUZZY_AMT_DATE_MATCH (Amt Var: 0.0, Date Window: T+2)",2026-09-03 21:03:09
2,FUZZY_AMT_DATE_MATCH,Scored Fuzzy Match,MATCHED,Tier 2 (Fuzzy Match),pay_8d4f8992fcb0,N/A,MERCH_002,20090.59,20090.59,2026-08-18,2026-08-20,0.94,"FUZZY_AMT_DATE_MATCH (Amt Var: 0.0, Date Window: T+2)",2026-09-03 21:03:09
2,FUZZY_AMT_DATE_MATCH,Scored Fuzzy Match,MATCHED,Tier 2 (Fuzzy Match),pay_899285e7828d,N/A,MERCH_005,8476.73,8476.73,2026-08-11,2026-08-12,0.94,"FUZZY_AMT_DATE_MATCH (Amt Var: 0.0, Date Window: T+1)",2026-09-03 21:03:09
2,FUZZY_AMT_DATE_MATCH,Scored Fuzzy Match,MATCHED,Tier 2 (Fuzzy Match),pay_e61d25278635,N/A,MERCH_001,17144.35,17144.35,2026-08-17,2026-08-19,0.94,"FUZZY_AMT_DATE_MATCH (Amt Var: 0.0, Date Window: T+2)",2026-09-03 21:03:09
2,FUZZY_AMT_DATE_MATCH,Scored Fuzzy Match,MATCHED,Tier 2 (Fuzzy Match),pay_5eb19e42951a,N/A,MERCH_001,31518.68,31518.68,2026-08-17,2026-08-19,0.94,"FUZZY_AMT_DATE_MATCH (Amt Var: 0.0, Date Window: T+2)",2026-09-03 21:03:09
2,FUZZY_AMT_DATE_MATCH,Scored Fuzzy Match,MATCHED,Tier 2 (Fuzzy Match),pay_758e267915b3,N/A,MERCH_003,4098.99,4098.99,2026-08-04,2026-08-06,0.94,"FUZZY_AMT_DATE_MATCH (Amt Var: 0.0, Date Window: T+2)",2026-09-03 21:03:09
2,FUZZY_AMT_DATE_MATCH,Scored Fuzzy Match,MATCHED,Tier 2 (Fuzzy Match),pay_ae9921d8ac07,N/A,MERCH_002,33528.4,33528.4,2026-08-20,2026-08-22,0.94,"FUZZY_AMT_DATE_MATCH (Amt Var: 0.0, Date Window: T+2)",2026-09-03 21:03:09
2,FUZZY_AMT_DATE_MATCH,Scored Fuzzy Match,MATCHED,Tier 2 (Fuzzy Match),pay_6c1733634782,UTR249022830951,MERCH_005,1691.03,1691.03,2026-08-24,2026-08-25,0.94,"FUZZY_AMT_DATE_MATCH (Amt Var: 0.0, Date Window: T+1)",2026-09-03 21:03:09
2,FUZZY_AMT_DATE_MATCH,Scored Fuzzy Match,MATCHED,Tier 2 (Fuzzy Match),pay_3bfe0155a05a,N/A,MERCH_002,38420.99,38420.99,2026-08-05,2026-08-07,0.94,"FUZZY_AMT_DATE_MATCH (Amt Var: 0.0, Date Window: T+2)",2026-09-03 21:03:09
2,FUZZY_AMT_DATE_MATCH,Scored Fuzzy Match,MATCHED,Tier 2 (Fuzzy Match),pay_e3f463ccc455,N/A,MERCH_003,2616.51,2616.51,2026-08-21,2026-08-23,0.94,"FUZZY_AMT_DATE_MATCH (Amt Var: 0.0, Date Window: T+2)",2026-09-03 21:03:09
2,FUZZY_AMT_DATE_MATCH,Scored Fuzzy Match,MATCHED,Tier 2 (Fuzzy Match),pay_25b7e890e357,N/A,MERCH_004,18847.3,18847.3,2026-08-20,2026-08-22,0.94,"FUZZY_AMT_DATE_MATCH (Amt Var: 0.0, Date Window: T+2)",2026-09-03 21:03:09
2,FUZZY_AMT_DATE_MATCH,Scored Fuzzy Match,MATCHED,Tier 2 (Fuzzy Match),pay_d08c74a1fb62,N/A,MERCH_001,34306.24,34306.24,2026-08-09,2026-08-10,0.94,"FUZZY_AMT_DATE_MATCH (Amt Var: 0.0, Date Window: T+1)",2026-09-03 21:03:09
2,FUZZY_AMT_DATE_MATCH,Scored Fuzzy Match,MATCHED,Tier 2 (Fuzzy Match),pay_241ed7d65279,N/A,MERCH_001,33111.8,33111.8,2026-08-22,2026-08-24,0.94,"FUZZY_AMT_DATE_MATCH (Amt Var: 0.0, Date Window: T+2)",2026-09-03 21:03:09
2,FUZZY_AMT_DATE_MATCH,Scored Fuzzy Match,MATCHED,Tier 2 (Fuzzy Match),pay_009baab2cec9,N/A,MERCH_003,7562.51,7562.51,2026-08-25,2026-08-26,0.94,"FUZZY_AMT_DATE_MATCH (Amt Var: 0.0, Date Window: T+1)",2026-09-03 21:03:09
2,FUZZY_AMT_DATE_MATCH,Scored Fuzzy Match,MATCHED,Tier 2 (Fuzzy Match),pay_2ab2f1376097,N/A,MERCH_005,25703.68,25703.68,2026-08-18,2026-08-20,0.94,"FUZZY_AMT_DATE_MATCH (Amt Var: 0.0, Date Window: T+2)",2026-09-03 21:03:09
2,FUZZY_AMT_DATE_MATCH,Scored Fuzzy Match,MATCHED,Tier 2 (Fuzzy Match),pay_66eb3d01221b,UTR668179344494,MERCH_002,39698.3,39698.3,2026-08-13,2026-08-14,0.94,"FUZZY_AMT_DATE_MATCH (Amt Var: 0.0, Date Window: T+1)",2026-09-03 21:03:09
2,FUZZY_AMT_DATE_MATCH,Scored Fuzzy Match,MATCHED,Tier 2 (Fuzzy Match),pay_833a6e562987,N/A,MERCH_002,44302.11,44302.11,2026-08-16,2026-08-18,0.94,"FUZZY_AMT_DATE_MATCH (Amt Var: 0.0, Date Window: T+2)",2026-09-03 21:03:09
2,FUZZY_AMT_DATE_MATCH,Scored Fuzzy Match,MATCHED,Tier 2 (Fuzzy Match),pay_0ff2d1c0f2d2,N/A,MERCH_005,38180.41,38180.41,2026-08-21,2026-08-22,0.94,"FUZZY_AMT_DATE_MATCH (Amt Var: 0.0, Date Window: T+1)",2026-09-03 21:03:09
2,FUZZY_AMT_DATE_MATCH,Scored Fuzzy Match,MATCHED,Tier 2 (Fuzzy Match),pay_d7fe37268ebf,N/A,MERCH_005,41304.64,41304.64,2026-08-10,2026-08-12,0.94,"FUZZY_AMT_DATE_MATCH (Amt Var: 0.0, Date Window: T+2)",2026-09-03 21:03:09
2,FUZZY_AMT_DATE_MATCH,Scored Fuzzy Match,MATCHED,Tier 2 (Fuzzy Match),pay_68244e44e107,N/A,MERCH_004,40204.79,40204.79,2026-08-05,2026-08-07,0.94,"FUZZY_AMT_DATE_MATCH (Amt Var: 0.0, Date Window: T+2)",2026-09-03 21:03:09
2,FUZZY_AMT_DATE_MATCH,Scored Fuzzy Match,MATCHED,Tier 2 (Fuzzy Match),pay_7790175b53ed,N/A,MERCH_001,30472.06,30472.06,2026-08-29,2026-08-30,0.94,"FUZZY_AMT_DATE_MATCH (Amt Var: 0.0, Date Window: T+1)",2026-09-03 21:03:09
2,FUZZY_AMT_DATE_MATCH,Scored Fuzzy Match,MATCHED,Tier 2 (Fuzzy Match),pay_c1fd20fd51c1,N/A,MERCH_002,14092.68,14092.68,2026-08-09,2026-08-10,0.94,"FUZZY_AMT_DATE_MATCH (Amt Var: 0.0, Date Window: T+1)",2026-09-03 21:03:09
2,FUZZY_AMT_DATE_MATCH,Scored Fuzzy Match,MATCHED,Tier 2 (Fuzzy Match),pay_60311d06aa38,UTR413656988255,MERCH_002,12616.41,12616.41,2026-08-25,2026-08-26,0.94,"FUZZY_AMT_DATE_MATCH (Amt Var: 0.0, Date Window: T+1)",2026-09-03 21:03:09
2,FUZZY_AMT_DATE_MATCH,Scored Fuzzy Match,MATCHED,Tier 2 (Fuzzy Match),pay_dfd60e5db585,UTR532597916651,MERCH_005,24224.62,24224.62,2026-08-29,2026-08-30,0.94,"FUZZY_AMT_DATE_MATCH (Amt Var: 0.0, Date Window: T+1)",2026-09-03 21:03:09
2,FUZZY_AMT_DATE_MATCH,Scored Fuzzy Match,MATCHED,Tier 2 (Fuzzy Match),pay_409b8ebfec17,N/A,MERCH_005,42009.49,42009.49,2026-08-07,2026-08-09,0.94,"FUZZY_AMT_DATE_MATCH (Amt Var: 0.0, Date Window: T+2)",2026-09-03 21:03:09
2,FUZZY_AMT_DATE_MATCH,Scored Fuzzy Match,MATCHED,Tier 2 (Fuzzy Match),pay_3a7f5dc9ec30,UTR602480976375,MERCH_004,21298.57,21298.57,2026-08-28,2026-08-29,0.94,"FUZZY_AMT_DATE_MATCH (Amt Var: 0.0, Date Window: T+1)",2026-09-03 21:03:09
2,FUZZY_AMT_DATE_MATCH,Scored Fuzzy Match,MATCHED,Tier 2 (Fuzzy Match),pay_f577ec9c6d5a,N/A,MERCH_001,28632.83,28632.83,2026-08-20,2026-08-22,0.94,"FUZZY_AMT_DATE_MATCH (Amt Var: 0.0, Date Window: T+2)",2026-09-03 21:03:09
2,FUZZY_AMT_DATE_MATCH,Scored Fuzzy Match,MATCHED,Tier 2 (Fuzzy Match),pay_8c2ff735a104,N/A,MERCH_004,31643.76,31643.76,2026-08-20,2026-08-22,0.94,"FUZZY_AMT_DATE_MATCH (Amt Var: 0.0, Date Window: T+2)",2026-09-03 21:03:09
2,FUZZY_AMT_DATE_MATCH,Scored Fuzzy Match,MATCHED,Tier 2 (Fuzzy Match),pay_37af9c9f4032,N/A,MERCH_004,28852.76,28852.76,2026-08-06,2026-08-07,0.94,"FUZZY_AMT_DATE_MATCH (Amt Var: 0.0, Date Window: T+1)",2026-09-03 21:03:09
2,FUZZY_AMT_DATE_MATCH,Scored Fuzzy Match,MATCHED,Tier 2 (Fuzzy Match),pay_c752075f5b41,N/A,MERCH_004,16643.34,16643.34,2026-08-09,2026-08-10,0.94,"FUZZY_AMT_DATE_MATCH (Amt Var: 0.0, Date Window: T+1)",2026-09-03 21:03:09
2,FUZZY_AMT_DATE_MATCH,Scored Fuzzy Match,MATCHED,Tier 2 (Fuzzy Match),pay_f147f084be26,N/A,MERCH_003,30668.69,30668.69,2026-08-28,2026-08-30,0.94,"FUZZY_AMT_DATE_MATCH (Amt Var: 0.0, Date Window: T+2)",2026-09-03 21:03:09
2,FUZZY_AMT_DATE_MATCH,Scored Fuzzy Match,MATCHED,Tier 2 (Fuzzy Match),pay_c3fdd1dcc8a5,N/A,MERCH_001,14507.16,14507.16,2026-08-16,2026-08-18,0.94,"FUZZY_AMT_DATE_MATCH (Amt Var: 0.0, Date Window: T+2)",2026-09-03 21:03:09
2,FUZZY_AMT_DATE_MATCH,Scored Fuzzy Match,MATCHED,Tier 2 (Fuzzy Match),pay_2cc0c6d271de,N/A,MERCH_001,24149.18,24149.18,2026-08-21,2026-08-22,0.94,"FUZZY_AMT_DATE_MATCH (Amt Var: 0.0, Date Window: T+1)",2026-09-03 21:03:09
2,FUZZY_AMT_DATE_MATCH,Scored Fuzzy Match,MATCHED,Tier 2 (Fuzzy Match),pay_520bb97f6d1a,N/A,MERCH_003,11143.09,11143.09,2026-08-09,2026-08-10,0.94,"FUZZY_AMT_DATE_MATCH (Amt Var: 0.0, Date Window: T+1)",2026-09-03 21:03:09
2,FUZZY_AMT_DATE_MATCH,Scored Fuzzy Match,MATCHED,Tier 2 (Fuzzy Match),pay_89e0e97afb09,N/A,MERCH_005,15365.92,15365.92,2026-08-04,2026-08-06,0.94,"FUZZY_AMT_DATE_MATCH (Amt Var: 0.0, Date Window: T+2)",2026-09-03 21:03:09
2,FUZZY_AMT_DATE_MATCH,Scored Fuzzy Match,MATCHED,Tier 2 (Fuzzy Match),pay_d4e2c26f6818,N/A,MERCH_002,18955.05,18955.05,2026-08-11,2026-08-12,0.94,"FUZZY_AMT_DATE_MATCH (Amt Var: 0.0, Date Window: T+1)",2026-09-03 21:03:09
2,FUZZY_AMT_DATE_MATCH,Scored Fuzzy Match,MATCHED,Tier 2 (Fuzzy Match),pay_63b7e6fbfb8d,N/A,MERCH_005,23916.17,23916.17,2026-08-28,2026-08-29,0.94,"FUZZY_AMT_DATE_MATCH (Amt Var: 0.0, Date Window: T+1)",2026-09-03 21:03:09
2,FUZZY_AMT_DATE_MATCH,Scored Fuzzy Match,MATCHED,Tier 2 (Fuzzy Match),pay_b93bb0e29c7f,UTR825404076750,MERCH_004,9068.71,9068.71,2026-08-27,2026-08-28,0.94,"FUZZY_AMT_DATE_MATCH (Amt Var: 0.0, Date Window: T+1)",2026-09-03 21:03:09
2,FUZZY_AMT_DATE_MATCH,Scored Fuzzy Match,MATCHED,Tier 2 (Fuzzy Match),pay_d85691922065,N/A,MERCH_001,43752.83,43752.83,2026-08-26,2026-08-27,0.94,"FUZZY_AMT_DATE_MATCH (Amt Var: 0.0, Date Window: T+1)",2026-09-03 21:03:09
2,FUZZY_AMT_DATE_MATCH,Scored Fuzzy Match,MATCHED,Tier 2 (Fuzzy Match),pay_b3ec487a7de7,N/A,MERCH_004,14123.29,14123.29,2026-08-05,2026-08-06,0.94,"FUZZY_AMT_DATE_MATCH (Amt Var: 0.0, Date Window: T+1)",2026-09-03 21:03:09
2,FUZZY_AMT_DATE_MATCH,Scored Fuzzy Match,MATCHED,Tier 2 (Fuzzy Match),pay_1494f5ca95c6,N/A,MERCH_003,24202.27,24202.27,2026-08-14,2026-08-16,0.94,"FUZZY_AMT_DATE_MATCH (Amt Var: 0.0, Date Window: T+2)",2026-09-03 21:03:09
2,FUZZY_AMT_DATE_MATCH,Scored Fuzzy Match,MATCHED,Tier 2 (Fuzzy Match),pay_5bb1f5c58991,N/A,MERCH_005,39914.29,39914.29,2026-08-25,2026-08-27,0.94,"FUZZY_AMT_DATE_MATCH (Amt Var: 0.0, Date Window: T+2)",2026-09-03 21:03:09
2,FUZZY_AMT_DATE_MATCH,Scored Fuzzy Match,MATCHED,Tier 2 (Fuzzy Match),pay_f07a6cff00ae,UTR58117398122,MERCH_003,29498.36,28779.97,2026-08-13,2026-08-14,0.85,"FUZZY_AMT_DATE_MATCH (Amt Var: 718.39, Date Window: T+1)",2026-09-03 21:03:09
2,FUZZY_AMT_DATE_MATCH,Scored Fuzzy Match,MATCHED,Tier 2 (Fuzzy Match),pay_008d2c59c7f5,UTR555966317142,MERCH_005,43028.41,43028.41,2026-08-24,2026-08-25,0.94,"FUZZY_AMT_DATE_MATCH (Amt Var: 0.0, Date Window: T+1)",2026-09-03 21:03:09
2,FUZZY_AMT_DATE_MATCH,Scored Fuzzy Match,MATCHED,Tier 2 (Fuzzy Match),pay_18e1af8b2c24,N/A,MERCH_004,16374.28,16374.28,2026-08-15,2026-08-16,0.94,"FUZZY_AMT_DATE_MATCH (Amt Var: 0.0, Date Window: T+1)",2026-09-03 21:03:09
2,FUZZY_AMT_DATE_MATCH,Scored Fuzzy Match,MATCHED,Tier 2 (Fuzzy Match),pay_6c34d733c49c,N/A,MERCH_003,30557.74,30557.74,2026-08-08,2026-08-10,0.94,"FUZZY_AMT_DATE_MATCH (Amt Var: 0.0, Date Window: T+2)",2026-09-03 21:03:09
2,FUZZY_AMT_DATE_MATCH,Scored Fuzzy Match,MATCHED,Tier 2 (Fuzzy Match),pay_9e41629af7d1,N/A,MERCH_003,30477.46,30477.46,2026-08-13,2026-08-15,0.94,"FUZZY_AMT_DATE_MATCH (Amt Var: 0.0, Date Window: T+2)",2026-09-03 21:03:09
2,FUZZY_AMT_DATE_MATCH,Scored Fuzzy Match,MATCHED,Tier 2 (Fuzzy Match),pay_f6da717af7d5,N/A,MERCH_001,24206.0,24206.0,2026-08-10,2026-08-12,0.94,"FUZZY_AMT_DATE_MATCH (Amt Var: 0.0, Date Window: T+2)",2026-09-03 21:03:09
2,FUZZY_AMT_DATE_MATCH,Scored Fuzzy Match,MATCHED,Tier 2 (Fuzzy Match),pay_99e7de0e7931,N/A,MERCH_004,14181.93,14181.93,2026-08-10,2026-08-11,0.94,"FUZZY_AMT_DATE_MATCH (Amt Var: 0.0, Date Window: T+1)",2026-09-03 21:03:09
2,FUZZY_AMT_DATE_MATCH,Scored Fuzzy Match,MATCHED,Tier 2 (Fuzzy Match),pay_85c53baaa27f,N/A,MERCH_003,25847.59,25847.59,2026-08-26,2026-08-27,0.94,"FUZZY_AMT_DATE_MATCH (Amt Var: 0.0, Date Window: T+1)",2026-09-03 21:03:09
2,FUZZY_AMT_DATE_MATCH,Scored Fuzzy Match,MATCHED,Tier 2 (Fuzzy Match),pay_380b861d2c68,N/A,MERCH_004,43594.35,43594.35,2026-08-20,2026-08-22,0.94,"FUZZY_AMT_DATE_MATCH (Amt Var: 0.0, Date Window: T+2)",2026-09-03 21:03:09
2,FUZZY_AMT_DATE_MATCH,Scored Fuzzy Match,MATCHED,Tier 2 (Fuzzy Match),pay_79d7f183a14d,UTR803506819342,MERCH_001,31989.26,31989.26,2026-08-08,2026-08-09,0.94,"FUZZY_AMT_DATE_MATCH (Amt Var: 0.0, Date Window: T+1)",2026-09-03 21:03:09
2,FUZZY_AMT_DATE_MATCH,Scored Fuzzy Match,MATCHED,Tier 2 (Fuzzy Match),pay_dc5465156af0,UTR146540987443,MERCH_003,2215.18,2215.18,2026-08-22,2026-08-23,0.94,"FUZZY_AMT_DATE_MATCH (Amt Var: 0.0, Date Window: T+1)",2026-09-03 21:03:09
2,FUZZY_AMT_DATE_MATCH,Scored Fuzzy Match,MATCHED,Tier 2 (Fuzzy Match),pay_8aee0e75c826,N/A,MERCH_002,24220.89,24220.89,2026-08-16,2026-08-18,0.94,"FUZZY_AMT_DATE_MATCH (Amt Var: 0.0, Date Window: T+2)",2026-09-03 21:03:09
2,FUZZY_AMT_DATE_MATCH,Scored Fuzzy Match,MATCHED,Tier 2 (Fuzzy Match),pay_12b00ebd4de6,N/A,MERCH_001,42362.59,42362.59,2026-08-14,2026-08-15,0.94,"FUZZY_AMT_DATE_MATCH (Amt Var: 0.0, Date Window: T+1)",2026-09-03 21:03:09
2,FUZZY_AMT_DATE_MATCH,Scored Fuzzy Match,MATCHED,Tier 2 (Fuzzy Match),pay_24f3bd8b7fe6,N/A,MERCH_003,1319.63,1319.63,2026-08-24,2026-08-26,0.94,"FUZZY_AMT_DATE_MATCH (Amt Var: 0.0, Date Window: T+2)",2026-09-03 21:03:09
2,FUZZY_AMT_DATE_MATCH,Scored Fuzzy Match,MATCHED,Tier 2 (Fuzzy Match),pay_f3894ab01084,N/A,MERCH_002,40060.08,40060.08,2026-08-16,2026-08-17,0.94,"FUZZY_AMT_DATE_MATCH (Amt Var: 0.0, Date Window: T+1)",2026-09-03 21:03:09
