payment_id,amount,utr,date,merchant_id,status,mdr,gst_on_mdr
pay_e2ce9c46befa,40169.66,UTR656199816726,2026-08-26,MERCH_005,settled,744.95,134.09
pay_5dd40a3fb8f8,41019.37,UTR270927763303,2026-08-08,MERCH_002,settled,863.68,155.46
pay_b620b7d0b195,1027.91,UTR921419453703,2026-08-29,MERCH_004,settled,22.39,4.03
pay_39740d3c5cf7,28153.63,UTR382907146182,2026-08-17,MERCH_004,settled,674.89,121.48
pay_6a52707d8dff,2398.88,UTR84512425253,2026-08-12,MERCH_002,pending,43.23,7.78
pay_dd63f51f4afb,21192.58,UTR90591368460,2026-08-17,MERCH_004,settled,489.68,88.14
pay_a58c7d379d05,40429.64,UTR289773319232,2026-08-22,MERCH_004,pending,938.19,168.87
pay_1e754f096d9d,18216.26,UTR57239450839,2026-08-27,MERCH_004,settled,410.0,73.8
pay_9501ebd93276,44723.29,UTR250139277614,2026-08-19,MERCH_003,pending,885.85,159.45
pay_7f5879802cae,6440.56,UTR440745307299,2026-08-11,MERCH_004,settled,142.67,25.68
pay_880e19c9e9f0,6450.75,UTR981411583729,2026-08-09,MERCH_003,settled,152.88,27.52
pay_f56f9810eb79,25209.4,UTR728518437241,2026-08-15,MERCH_003,settled,552.8,99.5
pay_b137bd0f556f,36940.54,UTR639585381143,2026-08-09,MERCH_004,settled,841.49,151.47
pay_8956eaf1ffb8,6942.82,UTR702316174004,2026-08-14,MERCH_004,settled,162.66,29.28
pay_fe56575a8b00,8014.68,UTR674326117402,2026-08-04,MERCH_003,settled,147.81,26.61
pay_98bc04d54f38,4328.49,UTR517617496330,2026-08-11,MERCH_001,settled,89.41,16.09
pay_068b9cec85d0,38434.15,UTR876355183655,2026-08-22,MERCH_005,pending,941.15,169.41
pay_2eaedf29e8e0,36465.84,UTR622862468037,2026-08-11,MERCH_004,settled,874.53,157.42
pay_2bc4383b6f41,1856.83,UTR771789204997,2026-08-11,MERCH_001,settled,43.95,7.91
pay_dcafaa0e3462,24258.83,UTR806771927369,2026-08-06,MERCH_003,settled,521.82,93.93
pay_49acb809c56b,15301.83,,2026-08-20,MERCH_005,pending,321.22,57.82
pay_4ab6de98d183,26285.58,UTR688945903247,2026-08-17,MERCH_001,settled,601.35,108.24
pay_861a92aa3c64,30029.34,UTR24942921844,2026-08-25,MERCH_002,pending,705.83,127.05
pay_42619cdfa531,7426.26,UTR536415977957,2026-08-15,MERCH_004,pending,145.66,26.22
pay_720dd9e9d297,42206.38,UTR772516112694,2026-08-11,MERCH_003,pending,782.62,140.87
pay_324633767337,29960.94,UTR42332853822,2026-08-11,MERCH_005,settled,659.84,118.77
pay_556bb8ca1361,6467.7,UTR97906906008,2026-08-17,MERCH_002,pending,161.57,29.08
pay_b29858ca7713,9513.75,UTR527242076544,2026-08-22,MERCH_003,settled,223.61,40.25
pay_20107f3e7274,26225.83,UTR841273083884,2026-08-08,MERCH_003,settled,505.23,90.94
pay_adc429ee816f,1024.72,UTR640270627093,2026-08-12,MERCH_002,settled,21.97,3.95
pay_bf59f0a298e6,36678.84,UTR917202432555,2026-08-28,MERCH_004,pending,886.49,159.57
pay_95626758c0c5,17519.54,,2026-08-23,MERCH_002,pending,386.07,69.49
pay_8936c36b8505,43338.44,UTR242909268556,2026-08-28,MERCH_001,pending,899.98,162.0
pay_acb03da72736,24495.33,UTR336124836121,2026-08-14,MERCH_001,settled,589.67,106.14
pay_c81e2102b3ac,3391.74,UTR970728331848,2026-08-17,MERCH_005,pending,62.76,11.3
pay_f604626d5496,6573.79,UTR91418601219,2026-08-28,MERCH_005,settled,124.64,22.44
pay_77c39fca42da,29202.52,,2026-08-28,MERCH_005,settled,651.01,117.18
pay_7916878f2282,5320.07,UTR497733795702,2026-08-22,MERCH_001,settled,125.87,22.66
pay_92d001e0aea1,21909.89,UTR424443582910,2026-08-22,MERCH_001,pending,447.07,80.47
pay_c45076cc1e16,26714.18,UTR862324500731,2026-08-28,MERCH_004,settled,539.58,97.12
pay_12c1c3492f6f,39988.99,UTR792475641694,2026-08-09,MERCH_002,settled,858.58,154.54
pay_ae7dcc72d4a6,33383.46,UTR456658560544,2026-08-10,MERCH_001,settled,798.24,143.68
pay_43f57c80bdb9,26774.63,UTR570040470591,2026-08-06,MERCH_004,settled,573.77,103.28
pay_52d6ea299c83,14518.15,UTR104339026662,2026-08-22,MERCH_001,settled,296.94,53.45
pay_171b7f4a030c,24027.78,UTR58941076148,2026-08-21,MERCH_004,settled,526.03,94.69
pay_049ff6b059f9,21259.54,UTR709186727528,2026-08-05,MERCH_003,settled,503.61,90.65
pay_f9e58e03c11f,43316.02,UTR999420129495,2026-08-15,MERCH_002,settled,799.47,143.9
pay_5f8a84ee8301,37795.24,UTR463800131166,2026-08-22,MERCH_001,settled,770.98,138.78
pay_57ebfb6a6d05,24889.9,,2026-08-05,MERCH_005,settled,498.84,89.79
pay_81fd905a506e,11877.51,UTR615444760613,2026-08-22,MERCH_004,pending,257.63,46.37
pay_86405c0a6e33,22019.43,UTR858769167082,2026-08-08,MERCH_004,settled,400.72,72.13
pay_b40e170d0c93,12708.85,UTR70568439138,2026-08-19,MERCH_003,settled,294.29,52.97
pay_acab343d6a8f,35623.24,,2026-08-21,MERCH_001,settled,726.64,130.8
pay_dd2597a966ca,27127.09,UTR241503949527,2026-08-21,MERCH_003,settled,507.93,91.43
pay_8863a006628b,8185.08,UTR479735728958,2026-08-10,MERCH_004,settled,188.92,34.01
pay_acd2dfda7385,30537.04,UTR349794634096,2026-08-22,MERCH_003,settled,671.01,120.78
pay_9a03287676d9,949.49,UTR110220527880,2026-08-20,MERCH_003,settled,20.0,3.6
pay_edd706cfd14d,44108.1,UTR558919802856,2026-08-16,MERCH_005,pending,1052.68,189.48
pay_a1f8297a1298,14090.81,UTR152356921908,2026-08-28,MERCH_005,settled,297.52,53.55
pay_2b7ae4a34272,41726.04,UTR329120659461,2026-08-22,MERCH_002,settled,771.6,138.89
pay_341ad48231f8,8488.43,UTR806371358711,2026-08-21,MERCH_002,settled,198.68,35.76
pay_806fb31ca0b0,21222.17,UTR5921970606,2026-08-15,MERCH_005,settled,490.4,88.27
pay_b3fa7702acbf,26059.62,UTR792990871709,2026-08-09,MERCH_005,pending,611.62,110.09
pay_1f3dd91d0a40,10858.77,UTR237672250514,2026-08-19,MERCH_003,pending,250.83,45.15
pay_26c1868b27c5,10602.05,UTR514593440132,2026-08-14,MERCH_001,pending,227.81,41.01
pay_0102e435d238,22272.95,UTR706158118170,2026-08-26,MERCH_002,settled,490.2,88.24
pay_fa8d972f7d0c,32331.46,UTR265807122367,2026-08-13,MERCH_003,settled,606.6,109.19
pay_8965c82eb925,7482.33,UTR308334617695,2026-08-16,MERCH_003,settled,177.31,31.92
pay_08b5c22059d7,44781.45,UTR424432550382,2026-08-28,MERCH_005,settled,997.66,179.58
pay_7ac43a0283a6,25472.55,UTR305184753957,2026-08-14,MERCH_003,settled,465.03,83.71
pay_33a90d61992b,24289.8,UTR822725152517,2026-08-05,MERCH_001,settled,575.08,103.51
pay_d90ab91743e8,38364.37,UTR328857419782,2026-08-22,MERCH_001,settled,759.38,136.69
pay_60add9ce31d5,17943.1,UTR147148171438,2026-08-06,MERCH_002,settled,412.91,74.32
pay_2c5f9a494870,20175.44,UTR110463669460,2026-08-05,MERCH_004,settled,491.49,88.47
pay_fe3831b35b80,21059.99,UTR687526326068,2026-08-11,MERCH_001,settled,455.58,82.0
pay_edfd38dd51f0,42638.28,UTR157594643818,2026-08-10,MERCH_003,settled,808.18,145.47
pay_68845273e55f,26714.24,UTR495185269823,2026-08-22,MERCH_001,settled,654.61,117.83
pay_e3e9949902fd,5205.5,UTR22526970069,2026-08-17,MERCH_002,settled,110.75,19.93
pay_1a53f14728e5,44653.38,UTR83589950615,2026-08-28,MERCH_004,settled,1071.5,192.87
pay_322aa8966ed3,38002.61,UTR183079035809,2026-08-28,MERCH_003,pending,860.31,154.86
pay_17118a868267,15564.89,UTR60009999916,2026-08-21,MERCH_005,settled,345.65,62.22
pay_b1a03ef893f1,8558.57,UTR251530334155,2026-08-17,MERCH_004,pending,175.03,31.51
pay_2ee79f460b44,8434.47,UTR49991075069,2026-08-29,MERCH_001,settled,196.08,35.29
pay_6752b997c4cc,11029.44,UTR400368679667,2026-08-06,MERCH_005,settled,228.74,41.17
pay_29ffab5ff774,39808.13,,2026-08-14,MERCH_003,pending,917.03,165.07
pay_af65695c4d62,1283.28,UTR337641941633,2026-08-17,MERCH_005,settled,27.58,4.96
pay_0d59688e61cf,11560.35,UTR957790944596,2026-08-06,MERCH_003,settled,234.37,42.19
pay_a6fe05177ca2,44211.71,UTR63631268534,2026-08-06,MERCH_002,settled,901.21,162.22
pay_c58bd864f79b,23710.01,UTR376993790734,2026-08-18,MERCH_004,pending,457.71,82.39
pay_1b33ec832af1,43559.53,UTR471698008196,2026-08-13,MERCH_004,settled,818.0,147.24
pay_ff5255b24f41,4330.41,UTR678595872119,2026-08-24,MERCH_003,settled,106.57,19.18
pay_1356a3027841,13820.82,UTR284442849708,2026-08-21,MERCH_002,settled,255.07,45.91
pay_a6ffbf729e75,24577.24,UTR753081562839,2026-08-25,MERCH_002,settled,475.38,85.57
pay_1af6ad0c7b17,16296.67,UTR386455972292,2026-08-08,MERCH_005,settled,334.29,60.17
pay_c37be0146cc2,16234.92,UTR89891085207,2026-08-04,MERCH_005,settled,378.61,68.15
pay_68ad4a8db619,22171.18,UTR63772318441,2026-08-24,MERCH_002,pending,451.77,81.32
pay_cc8760ef5562,38376.28,,2026-08-21,MERCH_001,settled,787.45,141.74
pay_e70df58c29fa,35144.92,UTR987351623852,2026-08-04,MERCH_003,pending,853.14,153.57
pay_67e32c2cc188,12313.62,UTR439194356483,2026-08-12,MERCH_003,settled,277.03,49.87
pay_09643687434c,22847.82,UTR508506577483,2026-08-27,MERCH_001,settled,569.06,102.43
pay_f4a115f24450,20212.22,UTR464390870275,2026-08-17,MERCH_002,settled,372.65,67.08
pay_17bc64c7884a,7935.91,UTR974472907967,2026-08-21,MERCH_002,settled,160.1,28.82
pay_42fd7e58e4a5,17451.39,UTR62904785524,2026-08-24,MERCH_005,settled,413.4,74.41
pay_1e3e32ecbaa0,4636.62,UTR458605372159,2026-08-19,MERCH_004,settled,106.41,19.15
pay_4e4e23ef8dde,38478.21,UTR371549526025,2026-08-23,MERCH_002,pending,782.5,140.85
pay_627fd2c998e5,33895.97,UTR28312371332,2026-08-04,MERCH_003,settled,736.86,132.63
pay_cd88194c9abb,41223.93,UTR445541649850,2026-08-22,MERCH_005,pending,765.03,137.71
pay_a736ab3f73d5,23968.36,UTR24092538041,2026-08-28,MERCH_003,settled,433.16,77.97
pay_65b4fb1bf922,44100.01,UTR106286875905,2026-08-24,MERCH_004,pending,876.29,157.73
pay_d329b31032ec,19399.45,UTR726818406065,2026-08-15,MERCH_004,settled,391.29,70.43
pay_422d3b035e2b,25548.69,UTR736768538710,2026-08-06,MERCH_003,settled,617.06,111.07
pay_00cb3ef2103c,40998.1,UTR19882402401,2026-08-07,MERCH_001,settled,790.35,142.26
pay_db6a36499f24,14696.37,,2026-08-21,MERCH_002,pending,341.87,61.54
pay_e49def429593,37161.1,UTR941608836019,2026-08-18,MERCH_001,settled,789.18,142.05
pay_f4116410bd73,35243.83,UTR31851235413,2026-08-11,MERCH_005,settled,653.71,117.67
pay_6a5cd9691bd0,21168.39,UTR714049506703,2026-08-17,MERCH_002,pending,477.66,85.98
pay_8701b5da2451,27178.2,UTR445050378011,2026-08-27,MERCH_003,settled,607.59,109.37
pay_945ad6e182e0,16577.71,UTR480241882875,2026-08-14,MERCH_005,settled,309.77,55.76
pay_9c884c4ac13b,14884.03,UTR954982454767,2026-08-25,MERCH_003,settled,341.33,61.44
pay_28565dfa9be5,41825.27,,2026-08-16,MERCH_001,settled,1015.81,182.85
pay_576c8bb5e0d5,24357.19,UTR591487553925,2026-08-10,MERCH_002,settled,567.15,102.09
pay_acb95e062897,36666.13,UTR63803616185,2026-08-13,MERCH_004,pending,701.85,126.33
pay_8384dc61e3f3,11903.24,UTR334754414101,2026-08-13,MERCH_001,settled,244.68,44.04
pay_4c5e3a4b89eb,34921.91,UTR97180049637,2026-08-15,MERCH_003,settled,747.06,134.47
pay_937d4a68f556,17392.66,UTR515154167113,2026-08-05,MERCH_004,pending,419.84,75.57
pay_c2520dcfc520,35046.81,UTR829350071113,2026-08-22,MERCH_003,settled,814.22,146.56
pay_fe9cd6dcf675,3460.87,UTR840026488459,2026-08-13,MERCH_005,settled,63.14,11.37
pay_58bd27751a57,30980.53,,2026-08-15,MERCH_001,settled,685.7,123.43
pay_70c559efe481,7091.55,UTR493631891529,2026-08-21,MERCH_002,pending,167.87,30.22
pay_c118c6942d60,33426.38,UTR218206726570,2026-08-11,MERCH_003,settled,650.98,117.18
pay_08baa6b61311,26641.19,UTR973276591300,2026-08-28,MERCH_001,settled,592.4,106.63
pay_43f233044f45,1812.8,UTR946925869008,2026-08-12,MERCH_003,pending,43.41,7.81
pay_8ff55da39ed4,41784.98,UTR201995034564,2026-08-04,MERCH_003,settled,1021.16,183.81
pay_2303cb474de0,2068.99,UTR132063932279,2026-08-15,MERCH_002,settled,48.92,8.81
pay_7289c5cde759,2212.16,UTR337747139201,2026-08-17,MERCH_005,settled,53.37,9.61
pay_524739d2b386,3318.74,UTR222895523848,2026-08-11,MERCH_005,settled,60.83,10.95
pay_706b1daac629,35914.22,UTR783819721528,2026-08-14,MERCH_002,settled,746.82,134.43
pay_c7d50de0919e,5770.26,UTR406396265199,2026-08-18,MERCH_002,settled,133.16,23.97
pay_106006ffc953,22313.76,UTR217506066271,2026-08-20,MERCH_004,settled,434.36,78.18
pay_319a1871399e,20223.46,,2026-08-13,MERCH_005,settled,402.37,72.43
pay_337dd498adf1,5156.96,UTR756377211899,2026-08-17,MERCH_005,pending,94.58,17.02
pay_ebc7aa537d72,40769.5,UTR254874372569,2026-08-24,MERCH_004,settled,756.03,136.09
pay_3dc27fcabc72,33820.63,UTR431094153207,2026-08-04,MERCH_002,pending,742.88,133.72
pay_07636918cea3,17694.28,UTR924104341820,2026-08-13,MERCH_002,settled,351.55,63.28
pay_4bc7a42adac1,36560.93,UTR347860320610,2026-08-22,MERCH_001,settled,845.86,152.25
pay_ed0f4f268c1b,22810.6,UTR246226158510,2026-08-29,MERCH_002,settled,430.43,77.48
pay_0bfb37065fee,2633.5,UTR324573343117,2026-08-22,MERCH_001,settled,55.68,10.02
pay_d9161809fed6,33217.65,UTR401719494217,2026-08-17,MERCH_005,settled,714.22,128.56
pay_3421284b659c,10410.2,UTR272487477555,2026-08-04,MERCH_002,settled,252.97,45.53
pay_5da9abaa92df,31376.07,UTR778331703248,2026-08-11,MERCH_002,settled,774.91,139.48
pay_ee21d39d167f,36773.85,UTR857070814326,2026-08-29,MERCH_004,settled,872.19,156.99
pay_8db32d0ef809,26977.4,UTR863799743153,2026-08-04,MERCH_003,settled,582.63,104.87
pay_c3cc8fd69baf,23323.28,UTR966310068948,2026-08-22,MERCH_001,settled,572.25,103.0
pay_c00dc6b08b02,14683.21,UTR375367301266,2026-08-18,MERCH_002,settled,326.63,58.79
pay_ef6d30f44404,1314.55,UTR952109676879,2026-08-10,MERCH_005,pending,30.31,5.46
pay_fa947c122d69,31393.53,,2026-08-13,MERCH_003,pending,648.11,116.66
pay_26990d5ec50f,37455.36,UTR19932850155,2026-08-21,MERCH_002,settled,691.03,124.39
pay_7c1d95128e93,36253.95,,2026-08-07,MERCH_001,settled,811.15,146.01
pay_7c51261f714b,15668.02,UTR210587032412,2026-08-07,MERCH_001,settled,373.41,67.21
pay_23d689b9c494,30671.46,UTR303744337001,2026-08-28,MERCH_003,settled,730.84,131.55
pay_aac13e77286f,1968.78,,2026-08-17,MERCH_004,settled,41.17,7.41
pay_16696bf96d97,35457.06,UTR728252875176,2026-08-29,MERCH_003,settled,745.61,134.21
pay_2e0cb5a85aca,12874.79,,2026-08-10,MERCH_003,settled,268.24,48.28
pay_c08cf364cf8e,40967.15,UTR384983878487,2026-08-29,MERCH_003,pending,973.52,175.23
pay_c89685c5b758,36097.48,UTR37739031128,2026-08-16,MERCH_002,settled,849.04,152.83
pay_d50bdb4bb946,33629.77,UTR53351650123,2026-08-08,MERCH_003,settled,651.89,117.34
pay_820e6731d358,14874.67,UTR196157396445,2026-08-21,MERCH_003,settled,309.29,55.67
pay_a4041f423a4e,29276.73,UTR513001826191,2026-08-15,MERCH_001,settled,672.21,121.0
pay_46d8767670e5,44085.98,UTR770123721151,2026-08-22,MERCH_003,settled,839.73,151.15
pay_94fda8935e61,25043.06,UTR17010441270,2026-08-22,MERCH_003,settled,507.05,91.27
pay_6c332fac25bf,15205.58,UTR683337579367,2026-08-19,MERCH_005,pending,364.73,65.65
pay_c984aca31222,26838.67,UTR819896274001,2026-08-14,MERCH_004,settled,660.5,118.89
pay_1b438a63b260,26313.38,,2026-08-10,MERCH_001,settled,481.83,86.73
pay_f3f4afdcfa58,21265.39,UTR221703194822,2026-08-12,MERCH_004,pending,471.9,84.94
pay_ad979ba6b4c7,17095.85,UTR718315401749,2026-08-12,MERCH_005,settled,359.85,64.77
pay_9943d26f1443,23356.32,,2026-08-20,MERCH_003,settled,479.49,86.31
pay_cd3777cf8700,19428.26,UTR686492939358,2026-08-27,MERCH_002,settled,481.33,86.64
pay_de4315782af2,5200.17,UTR482446178026,2026-08-07,MERCH_002,settled,110.25,19.84
pay_3ff68d862e80,14247.15,UTR320265477727,2026-08-16,MERCH_002,settled,263.3,47.39
pay_7ed763766cc9,27257.7,UTR860587153125,2026-08-27,MERCH_003,settled,515.99,92.88
pay_d0be2bb7881a,37225.81,UTR512721734297,2026-08-04,MERCH_001,settled,703.4,126.61
pay_c0e5f224663c,38659.57,UTR368396570794,2026-08-23,MERCH_005,settled,839.01,151.02
pay_f13247d26e1a,36417.17,UTR73079807722,2026-08-18,MERCH_001,pending,804.69,144.84
pay_8c38bdbfe645,40403.82,UTR734816457217,2026-08-17,MERCH_001,pending,794.34,142.98
pay_2b018a131f61,6059.43,UTR689314039766,2026-08-19,MERCH_001,settled,142.71,25.69
pay_d1e4507a09f7,40789.79,UTR987612415119,2026-08-06,MERCH_003,settled,755.88,136.06
pay_e96e9f0bd18f,43179.94,UTR741640112169,2026-08-10,MERCH_001,settled,979.21,176.26
pay_3a86611355fe,40473.61,UTR216021703502,2026-08-11,MERCH_005,pending,839.96,151.19
pay_b92b7766e4b7,22602.17,UTR262251988892,2026-08-21,MERCH_001,settled,468.4,84.31
pay_d5c27e77be6c,3872.21,UTR546428059930,2026-08-13,MERCH_002,settled,91.61,16.49
pay_cef0db406fbe,28132.85,UTR617132234892,2026-08-04,MERCH_004,pending,551.64,99.3
pay_90db67e25e7f,17766.37,UTR506523625912,2026-08-28,MERCH_004,settled,336.44,60.56
pay_708280525286,6962.67,UTR968395155055,2026-08-04,MERCH_001,settled,130.85,23.55
pay_47f80d3748e2,14597.26,UTR422543021074,2026-08-17,MERCH_003,settled,317.84,57.21
pay_78545a919b47,4853.75,UTR463543165488,2026-08-25,MERCH_005,settled,98.48,17.73
pay_7eb7b0074fce,10874.65,UTR248535415184,2026-08-22,MERCH_003,pending,228.23,41.08
pay_5f0fe6744876,4460.07,UTR450789304567,2026-08-24,MERCH_002,settled,108.94,19.61
pay_ba116df19dd2,15726.88,UTR587412201996,2026-08-24,MERCH_005,pending,372.2,67.0
pay_9f7587f12ff5,903.84,UTR506179724672,2026-08-06,MERCH_005,settled,22.25,4.0
pay_14b662264ff2,12771.86,UTR500332044732,2026-08-21,MERCH_002,pending,317.91,57.22
pay_1f42b8df2cb7,3814.15,,2026-08-27,MERCH_001,pending,91.75,16.52
pay_c81335b9a66a,30612.26,,2026-08-15,MERCH_005,pending,683.67,123.06
pay_59b419471992,8374.81,UTR143636256707,2026-08-08,MERCH_004,settled,199.0,35.82
pay_82bd3afb5e5f,24732.48,UTR659129378469,2026-08-07,MERCH_003,pending,528.85,95.19
pay_6433d599798f,35099.61,UTR757807910088,2026-08-14,MERCH_004,settled,856.84,154.23
pay_e2bd2df4cd21,5880.85,UTR823264658163,2026-08-24,MERCH_001,settled,111.25,20.02
pay_5871b9e9a50b,18790.69,,2026-08-27,MERCH_005,settled,463.98,83.52
pay_022a74bf7a15,33696.16,UTR343054131749,2026-08-04,MERCH_001,settled,623.56,112.24
pay_3c5cae42a3b9,27289.69,UTR626743682911,2026-08-06,MERCH_002,settled,578.5,104.13
pay_e0f7df20f8c2,18897.89,UTR975745852728,2026-08-22,MERCH_002,settled,413.47,74.42
pay_fcabbfdab0d7,36167.08,,2026-08-23,MERCH_002,settled,796.8,143.42
pay_f641fd6cdc06,24381.21,UTR651071619508,2026-08-08,MERCH_001,pending,602.47,108.44
pay_2ea3659e68ca,42411.34,UTR660263132577,2026-08-09,MERCH_004,settled,874.44,157.4
pay_c720ba4cf6db,33269.75,UTR813437730495,2026-08-25,MERCH_003,pending,604.69,108.84
pay_dbd0822b0451,15458.85,UTR88498502888,2026-08-19,MERCH_005,settled,303.65,54.66
pay_7baf29993f2d,2957.69,UTR456717351081,2026-08-21,MERCH_005,settled,57.93,10.43
pay_a8297763cdf3,6308.07,UTR138795620898,2026-08-18,MERCH_003,pending,121.19,21.81
pay_49d99e5c1afb,27617.3,UTR792268803023,2026-08-29,MERCH_001,settled,524.69,94.44
pay_c4dd8a52f468,20706.58,UTR187603983218,2026-08-28,MERCH_004,settled,457.0,82.26
pay_b7f39bd035b1,18729.72,UTR984449878484,2026-08-28,MERCH_003,settled,364.19,65.55
pay_d92196f2c354,39365.54,UTR936456874900,2026-08-21,MERCH_004,settled,782.27,140.81
pay_e26e4c77dfe6,42461.5,UTR280903626708,2026-08-14,MERCH_001,settled,866.36,155.94
pay_9fe9cbe27064,27452.96,UTR812719673059,2026-08-23,MERCH_002,settled,501.33,90.24
pay_d4bdf62981ce,25748.41,UTR351427818549,2026-08-14,MERCH_002,settled,553.47,99.62
pay_18aff4787e5f,25751.0,UTR938218698344,2026-08-22,MERCH_003,settled,494.52,89.01
pay_f9447ceed455,27248.65,UTR156616812518,2026-08-09,MERCH_003,settled,672.45,121.04
pay_8ffa41ecf4dd,36787.76,UTR60921187826,2026-08-12,MERCH_003,settled,750.5,135.09
pay_49b7452ef81c,17145.92,UTR513849633185,2026-08-04,MERCH_001,settled,354.56,63.82
pay_fb6c3be6d360,4668.92,UTR501508225471,2026-08-28,MERCH_001,settled,95.29,17.15
pay_871f7368b03e,12890.96,UTR782757534183,2026-08-12,MERCH_001,settled,248.7,44.77
pay_6a8eec6ad940,22541.55,UTR612915760905,2026-08-15,MERCH_002,settled,452.51,81.45
pay_d902f9fd08a1,29275.26,UTR694521386569,2026-08-16,MERCH_005,settled,584.58,105.22
pay_03f5ef48f7eb,22266.01,UTR864308517976,2026-08-21,MERCH_005,settled,490.34,88.26
pay_da036c361c74,1144.69,,2026-08-11,MERCH_001,settled,22.93,4.13
pay_d01e5608c60a,36913.48,,2026-08-17,MERCH_001,settled,742.0,133.56
pay_e7c27ba693e5,25177.64,UTR480486640116,2026-08-26,MERCH_002,settled,622.39,112.03
pay_3982662e8367,6505.61,UTR724548579985,2026-08-13,MERCH_005,settled,150.21,27.04
pay_4d809effebc7,954.28,,2026-08-28,MERCH_001,settled,22.65,4.08
pay_e61b2b54681b,17037.54,UTR815045559633,2026-08-08,MERCH_003,settled,374.4,67.39
pay_6c2d4df7678d,28021.77,UTR853952233210,2026-08-14,MERCH_001,pending,520.33,93.66
pay_a1af28940c10,21457.84,UTR86583937663,2026-08-18,MERCH_001,settled,500.55,90.1
pay_bbbc8a663191,28141.86,,2026-08-14,MERCH_004,settled,632.14,113.79
pay_9c96d9312efa,1906.35,,2026-08-29,MERCH_005,settled,38.43,6.92
pay_81913bf718be,10505.83,UTR811846823867,2026-08-14,MERCH_001,settled,244.4,43.99
pay_5b1cda9fb106,20544.32,UTR145843336443,2026-08-28,MERCH_004,pending,401.91,72.34
pay_56ba8c0b58e5,34066.6,UTR587847983533,2026-08-19,MERCH_005,settled,708.38,127.51
pay_dee477ea785a,31318.14,UTR167411645588,2026-08-08,MERCH_005,settled,762.21,137.2
pay_8e1517e0f866,984.28,UTR518871463100,2026-08-23,MERCH_001,settled,20.02,3.6
pay_206e6a8435ae,43739.17,UTR255731167716,2026-08-14,MERCH_002,settled,805.45,144.98
pay_0f28adf846ba,21349.72,UTR298055431259,2026-08-22,MERCH_005,settled,514.23,92.56
pay_e82e88f00634,2298.36,UTR497633960546,2026-08-24,MERCH_001,settled,56.64,10.2
pay_39ebc77dfc8e,17301.41,UTR747062965893,2026-08-20,MERCH_004,pending,344.96,62.09
pay_5ffb002339cf,24637.48,UTR425468916875,2026-08-20,MERCH_005,settled,512.65,92.28
pay_6f13182513f5,28568.09,UTR988083354827,2026-08-16,MERCH_004,pending,711.13,128.0
pay_3081338df624,42800.83,UTR955724001977,2026-08-08,MERCH_004,settled,806.3,145.13
pay_6b2ac03049ff,36591.85,UTR857649506027,2026-08-12,MERCH_003,settled,852.43,153.44
pay_4170ab8f3788,15485.02,,2026-08-19,MERCH_002,pending,368.11,66.26
pay_b2603886d4d8,42605.37,UTR88421278833,2026-08-11,MERCH_001,settled,963.56,173.44
pay_f2cb3dc8b08e,14898.47,UTR815729164672,2026-08-20,MERCH_002,pending,308.18,55.47
pay_69250ad02e37,38573.22,UTR245184838474,2026-08-15,MERCH_002,settled,864.69,155.64
pay_e0054a19b518,14601.28,UTR210744960434,2026-08-28,MERCH_005,settled,309.98,55.8
pay_37de9e375d5b,24986.97,UTR933855899013,2026-08-28,MERCH_004,settled,599.99,108.0
pay_4fdb9657ddc2,8143.19,UTR95395656329,2026-08-26,MERCH_001,settled,167.29,30.11
pay_b3b023c589e1,21271.11,UTR840694416760,2026-08-12,MERCH_003,pending,391.65,70.5
pay_7b13191b3b96,26255.18,UTR697115861762,2026-08-18,MERCH_004,pending,606.81,109.23
pay_6516161ff9cc,42834.01,UTR106053518019,2026-08-29,MERCH_002,settled,801.22,144.22
pay_ca4dfad71bad,34414.24,UTR496748794963,2026-08-05,MERCH_004,pending,792.44,142.64
pay_e4473fc8d1e1,3613.54,UTR380523185590,2026-08-09,MERCH_004,pending,74.8,13.46
pay_c80ae350be97,15331.16,UTR690020644930,2026-08-29,MERCH_003,settled,288.58,51.94
pay_37cce29e853b,22890.41,UTR521256302131,2026-08-17,MERCH_001,settled,453.53,81.64
pay_41fac97994b3,43661.35,UTR89992615395,2026-08-19,MERCH_001,pending,1023.02,184.14
pay_33af33221fd4,15009.59,UTR56570254400,2026-08-21,MERCH_004,settled,346.31,62.34
pay_642e88d34087,43947.39,UTR35633045062,2026-08-25,MERCH_003,settled,858.45,154.52
pay_406490cbad05,19467.97,UTR436628041878,2026-08-27,MERCH_004,settled,390.98,70.38
pay_aa4d2e925317,5511.86,UTR40057867125,2026-08-26,MERCH_001,settled,103.09,18.56
pay_59a584241b35,36793.34,UTR911250196831,2026-08-17,MERCH_002,settled,852.23,153.4
pay_c00b2d51d735,19404.17,UTR335518703484,2026-08-25,MERCH_004,settled,403.32,72.6
pay_c5447c36aa14,21573.32,,2026-08-17,MERCH_001,settled,533.67,96.06
pay_3c3c4053a297,19043.19,UTR792703676335,2026-08-19,MERCH_004,settled,454.56,81.82
pay_ffe863eaae87,4905.3,UTR298374691272,2026-08-29,MERCH_001,settled,117.01,21.06
pay_090b801223ce,41835.41,UTR591994078066,2026-08-21,MERCH_002,settled,1035.96,186.47
pay_0f901c4caf24,21448.13,UTR550577260241,2026-08-24,MERCH_002,settled,535.59,96.41
pay_ea0565ce3911,12405.14,UTR606529210849,2026-08-22,MERCH_005,settled,225.99,40.68
pay_4c8f84723971,21870.33,UTR294184602852,2026-08-25,MERCH_002,settled,536.58,96.58
pay_4e687f4c5cf9,18133.97,UTR668961097395,2026-08-27,MERCH_001,settled,445.42,80.18
pay_c9ddf54709f3,1455.41,UTR474570352379,2026-08-15,MERCH_003,settled,27.89,5.02
pay_47a7085c9793,34877.32,UTR359532785425,2026-08-05,MERCH_005,settled,640.59,115.31
pay_831c5a3db449,2551.29,UTR407947408068,2026-08-29,MERCH_004,settled,53.97,9.71
pay_52db0420088e,16860.19,UTR237645767181,2026-08-18,MERCH_005,pending,380.77,68.54
pay_8628b28acddd,24483.7,,2026-08-24,MERCH_003,settled,531.35,95.64
pay_13aa0c2d204f,28511.21,UTR19952838433,2026-08-20,MERCH_004,settled,542.52,97.65
pay_7344527bbfea,34990.08,UTR421317187572,2026-08-23,MERCH_001,settled,825.21,148.54
pay_03a4a19a6658,35916.84,UTR741732251389,2026-08-20,MERCH_004,settled,785.7,141.43
pay_87a61d7f6640,12174.38,UTR75196954097,2026-08-05,MERCH_005,settled,219.5,39.51
pay_72167d67acfe,6559.35,,2026-08-18,MERCH_003,settled,137.62,24.77
pay_b8e8cd79da48,18008.57,UTR588088133779,2026-08-11,MERCH_002,pending,396.23,71.32
pay_ee6ddab1955b,27641.66,UTR103633604759,2026-08-05,MERCH_004,settled,522.29,94.01
pay_2b6aff9df12b,18980.97,UTR1086726701,2026-08-07,MERCH_003,settled,353.01,63.54
pay_540f26b18571,37643.94,UTR469998180853,2026-08-10,MERCH_005,settled,872.49,157.05
pay_ec6328d88421,40648.16,UTR75592375760,2026-08-19,MERCH_005,settled,865.38,155.77
pay_37cf10d536ff,31851.06,UTR31370442537,2026-08-22,MERCH_004,settled,661.89,119.14
pay_f77be681aa6e,21089.09,UTR633226091030,2026-08-09,MERCH_002,settled,515.22,92.74
pay_8b0941b6860f,14192.28,UTR932964961172,2026-08-27,MERCH_004,settled,324.92,58.49
pay_81b821d32df5,3157.8,UTR215242525836,2026-08-13,MERCH_002,pending,69.49,12.51
pay_9e42ab5087bb,16853.88,UTR831187556217,2026-08-08,MERCH_005,settled,336.42,60.56
pay_879bcb4de039,22392.43,UTR883388495007,2026-08-05,MERCH_001,settled,462.98,83.34
pay_661b155a44e2,33646.72,UTR138434270724,2026-08-08,MERCH_005,settled,629.14,113.25
pay_367ca79f0580,1709.15,UTR270884465829,2026-08-07,MERCH_003,settled,37.22,6.7
pay_f077f83d8853,44589.47,UTR56769427910,2026-08-23,MERCH_004,settled,903.61,162.65
pay_e22280c98d05,29235.7,UTR112498684533,2026-08-25,MERCH_003,settled,692.53,124.66
pay_cfb4aec1fb10,8257.77,UTR100385661677,2026-08-08,MERCH_001,settled,193.02,34.74
pay_1d3507a26c14,25471.3,UTR124540765050,2026-08-09,MERCH_003,settled,605.08,108.91
pay_f26a5badd6fe,29633.76,UTR141880864836,2026-08-05,MERCH_005,settled,550.62,99.11
pay_09b3ed08c7b3,24917.67,UTR224921417936,2026-08-07,MERCH_004,pending,478.28,86.09
pay_ad2d16362976,15413.59,UTR961863254007,2026-08-22,MERCH_004,settled,331.58,59.68
pay_1b6f5ec1ca85,36992.13,UTR215221916332,2026-08-20,MERCH_002,pending,735.91,132.46
pay_30a5383db898,31876.03,UTR875817689321,2026-08-28,MERCH_003,settled,603.07,108.55
pay_cb82b13054d9,1948.67,UTR546121862675,2026-08-05,MERCH_005,settled,39.82,7.17
pay_ca34aa9c095a,21397.67,UTR530506051607,2026-08-17,MERCH_003,pending,490.6,88.31
pay_28d06186274e,34491.47,UTR400407112937,2026-08-28,MERCH_001,settled,735.2,132.34
pay_fef4004ba037,37095.64,,2026-08-27,MERCH_001,pending,868.71,156.37
pay_9e152ca16e25,41568.15,UTR425295125971,2026-08-09,MERCH_002,settled,914.75,164.66
pay_d58f1263d24e,36967.19,UTR506451985536,2026-08-13,MERCH_005,pending,852.17,153.39
pay_19bac05c26d1,44164.68,UTR988785241277,2026-08-27,MERCH_003,settled,1004.52,180.81
pay_cf629de3351a,29056.25,,2026-08-20,MERCH_004,settled,617.62,111.17
pay_480b00d2e045,16318.84,,2026-08-04,MERCH_003,settled,371.84,66.93
pay_f3fb321c4a4e,31128.68,,2026-08-05,MERCH_003,settled,628.61,113.15
pay_e38697f28a11,37595.78,UTR363801488399,2026-08-18,MERCH_002,settled,832.46,149.84
pay_8cbd3f514982,23872.67,UTR771862721393,2026-08-20,MERCH_003,settled,580.48,104.49
pay_bc3454cc4137,8871.93,UTR187274631689,2026-08-15,MERCH_005,pending,187.68,33.78
pay_6763b81bd105,20148.48,,2026-08-07,MERCH_004,pending,380.06,68.41
pay_369edabf356d,39835.64,UTR785389069241,2026-08-10,MERCH_005,settled,811.72,146.11
pay_0aae112fe732,39879.73,UTR963610857691,2026-08-21,MERCH_005,settled,777.67,139.98
pay_af4175cca6b8,41349.89,UTR463578974947,2026-08-17,MERCH_005,settled,935.23,168.34
pay_049e8c2b00a7,17536.28,UTR944662870916,2026-08-14,MERCH_001,settled,366.87,66.04
pay_3e379805a8da,34075.73,UTR88941793473,2026-08-13,MERCH_003,settled,644.93,116.09
pay_435794872c6f,12661.31,,2026-08-27,MERCH_002,settled,305.4,54.97
pay_e02cfc792dec,12157.7,UTR75350050289,2026-08-04,MERCH_001,settled,285.92,51.47
pay_d219b50ec80b,11916.63,UTR470823827043,2026-08-17,MERCH_003,settled,270.91,48.76
pay_e4c9bd6c0934,35519.64,UTR544580457032,2026-08-28,MERCH_003,settled,753.26,135.59
pay_6f1350337666,24659.55,UTR579449211547,2026-08-07,MERCH_004,settled,446.37,80.35
pay_a1c979eafdef,17175.74,UTR406173801516,2026-08-11,MERCH_002,settled,315.13,56.72
pay_30061ac8fe7e,20165.43,UTR659243341304,2026-08-17,MERCH_003,pending,500.29,90.05
pay_338031fe1d2a,41682.3,UTR393959942216,2026-08-12,MERCH_002,pending,812.26,146.21
pay_3820f8e02b34,25719.33,,2026-08-18,MERCH_005,settled,579.52,104.31
pay_c10dc066794f,2198.28,UTR809145694768,2026-08-29,MERCH_001,settled,50.57,9.1
pay_4dbb57e14d36,1663.3,UTR913528062575,2026-08-27,MERCH_001,settled,30.79,5.54
pay_8d565b09b460,37042.47,,2026-08-15,MERCH_002,pending,924.75,166.45
pay_b44d3abc2ba6,27412.69,UTR23473724516,2026-08-12,MERCH_004,pending,500.12,90.02
pay_3fa5d4ea2a87,19691.13,UTR559722134646,2026-08-06,MERCH_001,settled,366.36,65.94
pay_2bb01958a9ce,24292.12,UTR938394666879,2026-08-16,MERCH_004,pending,598.52,107.73
pay_516503cd9260,38350.16,UTR562648573101,2026-08-16,MERCH_003,settled,726.61,130.79
pay_087c805e8bc9,44584.13,UTR110946389027,2026-08-07,MERCH_002,settled,960.7,172.93
pay_7a066da9fff4,4469.85,UTR64243518469,2026-08-21,MERCH_001,pending,81.67,14.7
pay_d40f5c33c1d2,37165.12,UTR383440364449,2026-08-18,MERCH_002,settled,693.57,124.84
pay_57ddc16fa56c,26432.19,,2026-08-17,MERCH_003,settled,539.57,97.12
pay_c1e7db5e3c21,21323.75,UTR117420237859,2026-08-17,MERCH_002,settled,384.86,69.27
pay_932d65534853,14426.0,UTR574227142628,2026-08-12,MERCH_002,settled,278.74,50.17
pay_526f335e04dc,7169.84,UTR140918043494,2026-08-21,MERCH_001,settled,140.73,25.33
pay_90393f43f84d,29702.33,UTR24874837510,2026-08-04,MERCH_002,pending,596.27,107.33
pay_86620bfcb302,14716.02,UTR831892064847,2026-08-16,MERCH_005,settled,345.45,62.18
pay_cf4c36aaab13,28945.11,UTR163004388795,2026-08-13,MERCH_002,settled,607.75,109.39
pay_1180c737e9b1,25911.84,UTR907855402679,2026-08-15,MERCH_003,settled,533.46,96.02
pay_2ba99c48573f,16455.22,UTR163819411649,2026-08-04,MERCH_001,settled,317.29,57.11
pay_073bc79b9e7f,41096.88,,2026-08-10,MERCH_001,settled,999.33,179.88
pay_0b22fd20f2fe,21703.25,UTR957038476499,2026-08-18,MERCH_004,settled,529.53,95.32
pay_4ccc4c839269,7603.52,UTR540411945439,2026-08-16,MERCH_004,settled,144.85,26.07
pay_f8d95e14f82d,15280.55,UTR866985283848,2026-08-29,MERCH_003,settled,317.18,57.09
pay_6a0526f1d0c6,26136.23,,2026-08-25,MERCH_002,settled,575.36,103.56
pay_69ca7816f635,15295.07,UTR709417758264,2026-08-16,MERCH_004,settled,339.02,61.02
pay_f0b8eac0fa39,38313.74,,2026-08-27,MERCH_005,settled,820.16,147.63
pay_4051aa8f3c19,32500.87,,2026-08-21,MERCH_001,pending,744.42,134.0
pay_08de4c6ecd4c,7028.64,UTR12947728056,2026-08-29,MERCH_005,settled,156.52,28.17
pay_5cdd63c92f02,7332.51,UTR530071706517,2026-08-15,MERCH_003,settled,136.33,24.54
pay_b683cbcf27b7,19958.36,,2026-08-11,MERCH_005,settled,451.77,81.32
pay_dce275de264b,28328.53,UTR238866726398,2026-08-09,MERCH_002,settled,602.94,108.53
pay_cf57700f975b,38548.96,UTR924582161218,2026-08-21,MERCH_003,settled,875.46,157.58
pay_108083cf86dc,8671.71,UTR673213202792,2026-08-21,MERCH_002,settled,157.15,28.29
pay_937070a0851a,18620.24,UTR454118058080,2026-08-19,MERCH_005,pending,377.89,68.02
pay_2a06a442420c,35931.54,UTR573338438532,2026-08-14,MERCH_005,settled,896.12,161.3
pay_8298ae72f7cb,26053.39,,2026-08-27,MERCH_001,settled,563.88,101.5
pay_95065e40f5fb,44738.71,,2026-08-07,MERCH_002,settled,1117.51,201.15
pay_488638c5dd0d,27456.48,UTR93959630028,2026-08-11,MERCH_002,settled,538.85,96.99
pay_ce6282a7294f,25629.23,UTR413713219652,2026-08-17,MERCH_005,settled,555.45,99.98
pay_80becc2f47d8,10294.32,UTR366323097640,2026-08-21,MERCH_001,settled,224.24,40.36
pay_0cf2ed946a05,19590.94,UTR654543288633,2026-08-20,MERCH_002,settled,468.12,84.26
pay_b1b088d62ec3,1341.48,,2026-08-07,MERCH_005,settled,27.74,4.99
pay_88895ff61f63,9981.93,UTR530200936840,2026-08-12,MERCH_004,pending,205.23,36.94
pay_261bd5ac4cf8,8612.59,UTR614225291138,2026-08-26,MERCH_004,settled,168.5,30.33
pay_530f7d55f522,6581.61,UTR272134098394,2026-08-07,MERCH_005,settled,142.58,25.66
pay_543426b1b8be,42006.2,UTR829716684994,2026-08-14,MERCH_002,settled,831.0,149.58
pay_f712ca235660,38309.73,UTR593866749225,2026-08-22,MERCH_001,settled,954.03,171.73
pay_5a5d4827a195,4142.64,UTR454845316164,2026-08-15,MERCH_005,settled,99.38,17.89
pay_1623b5b7ed74,21550.8,UTR33512426977,2026-08-15,MERCH_005,settled,446.85,80.43
pay_d46b6e17ff3e,15863.38,UTR654112175055,2026-08-18,MERCH_001,settled,320.06,57.61
pay_96ed84f9d599,6910.33,UTR713231960404,2026-08-27,MERCH_002,settled,127.5,22.95
pay_5908a742ac31,11192.79,UTR991659055029,2026-08-16,MERCH_003,settled,246.51,44.37
pay_eecf2af77d7f,20167.47,UTR81130715286,2026-08-11,MERCH_004,settled,440.16,79.23
pay_d0aa656432a6,5360.09,UTR173773479933,2026-08-28,MERCH_002,settled,106.29,19.13
pay_07e8c5f51f9d,34364.79,UTR702319030042,2026-08-14,MERCH_004,settled,785.93,141.47
pay_60a997dc701f,43036.15,UTR737172522141,2026-08-21,MERCH_005,settled,777.73,139.99
pay_006fd3042d1b,10758.75,,2026-08-25,MERCH_003,settled,250.16,45.03
pay_6667175e71fd,18915.91,,2026-08-19,MERCH_003,pending,370.45,66.68
pay_d79f8c8f5c62,33197.6,UTR653035522589,2026-08-12,MERCH_002,settled,677.73,121.99
pay_78b3e935e4e9,6068.28,UTR375339567059,2026-08-15,MERCH_004,settled,144.46,26.0
pay_a9a2165d8bb6,35006.04,UTR210689521757,2026-08-06,MERCH_001,pending,753.9,135.7
pay_6a53863177e0,34790.87,UTR975959971582,2026-08-24,MERCH_004,settled,854.62,153.83
pay_94d44e6e7cde,15925.14,UTR944631840533,2026-08-16,MERCH_001,pending,290.83,52.35
pay_f49f709357ae,4361.46,UTR441096722186,2026-08-23,MERCH_005,settled,96.86,17.43
pay_3b6651ddf2ab,26598.73,UTR871298796996,2026-08-19,MERCH_003,pending,644.3,115.97
pay_f9cb39a6acdb,37295.21,UTR288619927209,2026-08-18,MERCH_001,settled,826.81,148.83
pay_ab441a87ecf9,19586.21,UTR282274724670,2026-08-21,MERCH_001,settled,410.36,73.86
pay_5b90fcd7d03d,38029.18,UTR571021931045,2026-08-07,MERCH_004,settled,863.04,155.35
pay_b2274ca3f589,17067.51,UTR368251863235,2026-08-17,MERCH_002,settled,352.55,63.46
pay_929feea88488,21406.59,UTR143522711152,2026-08-07,MERCH_004,settled,510.68,91.92
pay_9de7167a6775,31586.23,UTR862876682122,2026-08-28,MERCH_001,settled,610.11,109.82
pay_4a175104a7f2,30876.37,UTR858555334680,2026-08-17,MERCH_002,pending,640.65,115.32
pay_493be3beef5b,36261.5,,2026-08-25,MERCH_004,settled,664.9,119.68
pay_bccf902c6449,19476.96,UTR954778953995,2026-08-22,MERCH_005,settled,436.06,78.49
pay_592944b0cc99,37390.17,UTR984241538068,2026-08-18,MERCH_001,pending,827.51,148.95
pay_386945a0f186,35462.36,UTR800872299802,2026-08-11,MERCH_004,settled,664.28,119.57
pay_5846d356a5fe,36957.13,UTR441989132704,2026-08-17,MERCH_005,settled,879.6,158.33
pay_71ce086b770c,2809.9,UTR140291692241,2026-08-16,MERCH_001,settled,58.44,10.52
pay_d4b1d4a8b194,10825.13,,2026-08-17,MERCH_004,settled,212.45,38.24
pay_7f6670904416,9618.16,UTR681035497258,2026-08-28,MERCH_005,settled,227.77,41.0
pay_79a67d25c6a5,43345.86,UTR57469104358,2026-08-07,MERCH_004,settled,890.28,160.25
pay_61ede16cfaa5,29186.2,UTR443959502578,2026-08-25,MERCH_004,settled,606.26,109.13
pay_28e56ea86914,30308.83,UTR688737504226,2026-08-20,MERCH_001,settled,745.82,134.25
pay_080821c43f60,28462.29,UTR926118135756,2026-08-09,MERCH_002,settled,549.14,98.85
pay_5c2ffee8d52d,21531.28,,2026-08-20,MERCH_001,settled,436.77,78.62
pay_c5fbbe3b245f,22301.13,UTR698926693517,2026-08-17,MERCH_002,settled,546.37,98.35
pay_a150f92fe01d,32303.92,UTR552552522105,2026-08-15,MERCH_004,pending,700.9,126.16
pay_d537fbfddac2,39513.43,UTR435720949113,2026-08-16,MERCH_002,settled,848.99,152.82
pay_96e6000be497,29810.02,UTR400280239057,2026-08-20,MERCH_002,pending,628.11,113.06
pay_0dc6d31e247c,43331.2,UTR749426439285,2026-08-25,MERCH_001,settled,1048.2,188.68
pay_c879f0c00e5f,4717.71,UTR858165076533,2026-08-22,MERCH_003,settled,109.91,19.78
pay_02fbef383188,19194.14,UTR832450433312,2026-08-06,MERCH_002,settled,420.93,75.77
pay_9ee67a020853,16157.38,UTR419558862968,2026-08-15,MERCH_003,settled,357.5,64.35
pay_23e982b6893c,19496.04,UTR740749868493,2026-08-14,MERCH_004,settled,369.54,66.52
pay_894b4b3dfef1,15203.91,UTR81784921306,2026-08-12,MERCH_002,settled,357.75,64.39
pay_545907008a17,10940.09,UTR568282382706,2026-08-22,MERCH_001,pending,206.17,37.11
pay_1aed35a04c72,1111.55,UTR696756038275,2026-08-11,MERCH_004,settled,27.74,4.99
pay_93d6d35c8dee,33802.87,UTR344575116615,2026-08-05,MERCH_002,pending,772.08,138.97
pay_89cac1655979,37776.64,UTR266387588126,2026-08-27,MERCH_004,settled,869.77,156.56
pay_8654695bef50,6251.52,UTR197530565590,2026-08-26,MERCH_001,pending,146.89,26.44
pay_b94ed0dad893,29461.34,UTR942960925070,2026-08-10,MERCH_003,settled,582.87,104.92
pay_79547abe6cdd,27491.49,UTR969198231682,2026-08-17,MERCH_005,settled,619.15,111.45
pay_c64494b20f4c,35311.25,UTR426194653858,2026-08-28,MERCH_003,settled,780.15,140.43
pay_a93b83fc4a95,8711.61,UTR306728900752,2026-08-17,MERCH_005,settled,179.97,32.39
pay_9a8bed382f84,9180.59,,2026-08-24,MERCH_004,settled,178.8,32.18
pay_266bd2b1ff9f,21924.28,UTR755368105668,2026-08-28,MERCH_003,settled,504.54,90.82
pay_26424bbd052c,14820.34,UTR817275315679,2026-08-25,MERCH_004,pending,356.48,64.17
pay_2e17c91b276c,2266.81,UTR745760532438,2026-08-15,MERCH_003,settled,55.88,10.06
pay_505af511e100,34422.9,UTR817288405863,2026-08-05,MERCH_005,settled,781.9,140.74
pay_e997ca7f1224,17819.54,UTR592616686029,2026-08-19,MERCH_005,settled,392.49,70.65
pay_41b6bb4c2900,38214.7,UTR441376123013,2026-08-12,MERCH_003,settled,756.2,136.12
pay_eba268023efd,22493.62,UTR304549162514,2026-08-24,MERCH_005,settled,447.5,80.55
pay_80fcb38aea5d,5080.27,UTR175557807893,2026-08-15,MERCH_004,settled,100.04,18.01
pay_cb1bd0c42b17,8328.68,UTR242787496172,2026-08-04,MERCH_001,pending,161.22,29.02
pay_17e71958bf26,29687.74,UTR949041451927,2026-08-28,MERCH_004,settled,582.1,104.78
pay_ad7327a2ac44,31371.07,UTR765772119377,2026-08-05,MERCH_001,settled,671.06,120.79
pay_c0e5be9d86f7,34971.49,UTR131077904969,2026-08-18,MERCH_001,settled,640.57,115.3
pay_98423f0ef093,17762.85,UTR782972967012,2026-08-09,MERCH_005,settled,381.13,68.6
pay_aeb620ee9de1,9281.41,UTR230865089232,2026-08-23,MERCH_002,settled,215.12,38.72
pay_bf27e6dcfd73,44204.54,,2026-08-05,MERCH_001,pending,956.99,172.26
pay_9dc21b6e44ff,16955.0,UTR638896469474,2026-08-06,MERCH_001,settled,414.85,74.67
pay_c33793231ab4,33000.51,UTR845082423005,2026-08-21,MERCH_004,settled,720.16,129.63
pay_9883f8f0d4fe,43006.24,UTR511868807054,2026-08-07,MERCH_003,settled,867.84,156.21
pay_bd3643f842f5,7492.75,UTR219058736779,2026-08-04,MERCH_001,settled,170.42,30.68
pay_70287a9fa56c,34104.15,UTR966491703321,2026-08-15,MERCH_005,settled,831.97,149.75
pay_c847da316bfd,14771.23,UTR202015282165,2026-08-13,MERCH_002,settled,323.08,58.15
pay_a6939e906ee9,15853.46,UTR555257840136,2026-08-26,MERCH_004,settled,297.28,53.51
pay_70845c7d0a48,26703.64,UTR503813865506,2026-08-18,MERCH_002,settled,618.78,111.38
pay_d65d12f674fa,14649.26,UTR536494761248,2026-08-18,MERCH_001,settled,327.97,59.03
pay_e991599c698c,8942.0,UTR610217947036,2026-08-11,MERCH_004,settled,172.51,31.05
pay_a7e8b0ea8848,18738.98,UTR144098809307,2026-08-18,MERCH_003,settled,433.13,77.96
pay_54ffa7e8dc49,34628.46,UTR696452021258,2026-08-17,MERCH_001,pending,844.56,152.02
pay_cab9678d83bd,33020.61,UTR717117287908,2026-08-23,MERCH_001,settled,758.11,136.46
pay_0dddf0f033e1,21583.19,UTR841871601112,2026-08-05,MERCH_005,settled,422.19,75.99
pay_ae61e062c477,9722.91,UTR140532115742,2026-08-06,MERCH_002,settled,242.43,43.64
pay_73cc99e43310,29108.76,UTR818521254933,2026-08-14,MERCH_004,settled,525.77,94.64
pay_e79dd5c75b8d,25189.11,UTR968914252481,2026-08-09,MERCH_005,settled,537.51,96.75
pay_daec7f597726,11830.53,UTR670182253682,2026-08-07,MERCH_002,settled,227.0,40.86
pay_ccb31e8a7fdf,5867.01,UTR896439928589,2026-08-15,MERCH_005,settled,140.64,25.32
pay_fc600562729a,8037.72,UTR336047575767,2026-08-20,MERCH_005,settled,179.16,32.25
pay_682fe0ee25e5,35819.69,UTR734586894161,2026-08-09,MERCH_001,settled,822.39,148.03
pay_b6d670c87027,9703.04,UTR396069385153,2026-08-20,MERCH_001,settled,183.54,33.04
pay_8862bd44b132,30000.75,UTR253421619589,2026-08-21,MERCH_002,settled,694.74,125.05
pay_1a91597a69a2,3804.15,UTR358182005925,2026-08-10,MERCH_002,settled,88.6,15.95
pay_ab8e1e1c7869,18650.88,UTR387934153848,2026-08-28,MERCH_002,pending,375.13,67.52
pay_cd9815c585e6,27009.55,UTR926576355298,2026-08-16,MERCH_002,settled,488.65,87.96
pay_4f5cc7bf4847,38175.54,,2026-08-25,MERCH_001,settled,921.42,165.86
pay_c4b5e2333378,6995.21,UTR483124887987,2026-08-18,MERCH_001,settled,166.65,30.0
pay_e50f3a1d0fed,40135.0,UTR101055872645,2026-08-25,MERCH_002,pending,735.85,132.45
pay_ffb86591a132,19236.99,,2026-08-18,MERCH_003,pending,351.52,63.27
pay_deb878d7c73d,31970.9,UTR189243580200,2026-08-19,MERCH_005,pending,604.97,108.89
pay_756b868b1c7f,8722.02,UTR606299190478,2026-08-25,MERCH_002,settled,186.66,33.6
pay_ffedc5d8f8d7,28321.13,UTR314680176654,2026-08-07,MERCH_002,settled,676.0,121.68
pay_4d584c616f14,10062.42,UTR246279183508,2026-08-25,MERCH_001,pending,218.44,39.32
pay_9f9f93e284f1,20863.48,UTR985684689344,2026-08-28,MERCH_002,settled,434.89,78.28
